Incident ID,Created Date,Created Time,Priority,Category,Subcategory,Service,Assignment Group,Department,Location,Status,Resolution Hours,SLA Target Hours,SLA Met,First Contact Resolution,Reopened,Business Impact,Root Cause Type
"INC-00001","2025-02-07","15:13","P2","Email & Collaboration","Calendar","Printing","Infrastructure","IT","Regional Office","Open","0.63","8","Yes","No","No","High","Network Issue"
"INC-00002","2025-03-16","11:26","P2","Hardware","Printer","File Services","Network Team","Project Management","Remote","In Progress","0.76","8","Yes","No","No","High","Capacity"
"INC-00003","2025-04-22","18:39","P3","Server & Infrastructure","Backup","Corporate Network","Systems Administration","Administration","Site B","Resolved","11.7","24","Yes","Yes","No","Medium","Configuration"
"INC-00004","2025-05-29","14:52","P3","Network","LAN","Endpoint Management","Application Support","Operations","Site A","Closed","13.5","24","Yes","Yes","No","Medium","Application Defect"
"INC-00005","2025-07-05","10:05","P3","Security","Endpoint Protection","Service Desk","Cybersecurity","Engineering","Head Office","Open","1.15","24","Yes","No","Yes","Medium","Unknown"
"INC-00006","2025-08-11","17:18","P3","Software","Configuration","ERP","Service Desk","Procurement","Regional Office","In Progress","1.28","24","Yes","Yes","No","Medium","Hardware Failure"
"INC-00007","2025-09-17","13:31","P3","Access Management","MFA","Business Applications","Infrastructure","HR","Remote","Resolved","9.2","24","Yes","Yes","No","Medium","Access Control"
"INC-00008","2025-10-24","09:44","P3","Email & Collaboration","Mailbox","Virtual Infrastructure","Network Team","Finance","Site B","Closed","11.1","24","Yes","No","No","Medium","User Error"
"INC-00009","2025-11-30","16:57","P3","Hardware","Desktop","Email & Collaboration","Systems Administration","IT","Site A","Open","1.67","24","Yes","Yes","No","Medium","Network Issue"
"INC-00010","2025-01-06","12:10","P4","Server & Infrastructure","Virtual Machine","Active Directory","Application Support","Project Management","Head Office","In Progress","1.8","48","Yes","Yes","No","Low","Capacity"
"INC-00011","2025-02-12","08:23","P4","Network","VPN","Printing","Cybersecurity","Administration","Regional Office","Resolved","11.2","48","Yes","Yes","No","Low","Configuration"
"INC-00012","2025-03-21","15:36","P4","Security","Suspicious Activity","File Services","Service Desk","Operations","Remote","Closed","14.2","48","Yes","Yes","No","Low","Application Defect"
"INC-00013","2025-04-27","11:49","P4","Software","Installation","Corporate Network","Infrastructure","Engineering","Site B","Open","2.19","48","Yes","No","No","Low","Unknown"
"INC-00014","2025-06-03","18:02","P4","Access Management","Permission","Endpoint Management","Network Team","Procurement","Site A","In Progress","2.32","48","Yes","Yes","No","Low","Hardware Failure"
"INC-00015","2025-07-10","14:15","P2","Email & Collaboration","Distribution List","Service Desk","Systems Administration","HR","Head Office","Resolved","7.2","8","Yes","No","No","High","Access Control"
"INC-00016","2025-08-16","10:28","P2","Hardware","Laptop","ERP","Application Support","Finance","Regional Office","Closed","3.1","8","Yes","No","No","High","User Error"
"INC-00017","2025-09-22","17:41","P3","Server & Infrastructure","Storage","Business Applications","Cybersecurity","IT","Remote","Open","2.71","24","Yes","Yes","No","Medium","Network Issue"
"INC-00018","2025-10-29","13:54","P3","Network","DNS","Virtual Infrastructure","Service Desk","Project Management","Site B","In Progress","2.84","24","Yes","No","No","Medium","Capacity"
"INC-00019","2025-12-05","09:07","P3","Security","Phishing","Email & Collaboration","Infrastructure","Administration","Site A","Resolved","11.9","24","Yes","Yes","No","Medium","Configuration"
"INC-00020","2025-01-11","16:20","P3","Software","Application Error","Active Directory","Network Team","Operations","Head Office","Closed","13.8","24","Yes","Yes","No","Medium","Application Defect"
"INC-00021","2025-02-17","12:33","P3","Access Management","Account Lockout","Printing","Systems Administration","Engineering","Regional Office","Open","3.23","24","Yes","No","No","Medium","Unknown"
"INC-00022","2025-03-26","08:46","P3","Email & Collaboration","Teams","File Services","Application Support","Procurement","Remote","In Progress","3.36","24","Yes","Yes","Yes","Medium","Hardware Failure"
"INC-00023","2025-05-02","15:59","P3","Hardware","Peripheral","Corporate Network","Cybersecurity","HR","Site B","Resolved","9.5","24","Yes","Yes","No","Medium","Access Control"
"INC-00024","2025-06-08","11:12","P4","Server & Infrastructure","Server Availability","Endpoint Management","Service Desk","Finance","Site A","Closed","18.5","48","Yes","No","No","Low","User Error"
"INC-00025","2025-07-15","18:25","P4","Network","Wi-Fi","Service Desk","Infrastructure","IT","Head Office","Open","3.75","48","Yes","Yes","No","Low","Network Issue"
"INC-00026","2025-08-21","14:38","P4","Security","Policy","ERP","Network Team","Project Management","Regional Office","In Progress","3.88","48","Yes","Yes","No","Low","Capacity"
"INC-00027","2025-09-27","10:51","P4","Software","Licensing","Business Applications","Systems Administration","Administration","Remote","Resolved","11.5","48","Yes","No","Yes","Low","Configuration"
"INC-00028","2025-11-03","17:04","P4","Access Management","Password Reset","Virtual Infrastructure","Application Support","Operations","Site B","Closed","14.6","48","Yes","Yes","No","Low","Application Defect"
"INC-00029","2025-12-10","13:17","P2","Email & Collaboration","Calendar","Email & Collaboration","Cybersecurity","Engineering","Site A","Open","4.27","8","Yes","No","No","High","Unknown"
"INC-00030","2025-01-16","09:30","P2","Hardware","Printer","Active Directory","Service Desk","Procurement","Head Office","In Progress","4.4","8","Yes","Yes","No","High","Hardware Failure"
"INC-00031","2025-02-22","16:43","P3","Server & Infrastructure","Backup","Printing","Infrastructure","HR","Regional Office","Resolved","14.5","24","Yes","Yes","No","Medium","Access Control"
"INC-00032","2025-03-31","12:56","P3","Network","LAN","File Services","Network Team","Finance","Remote","Closed","6.5","24","Yes","No","No","Medium","User Error"
"INC-00033","2025-05-07","08:09","P3","Security","Endpoint Protection","Corporate Network","Systems Administration","IT","Site B","Open","4.79","24","Yes","Yes","No","Medium","Network Issue"
"INC-00034","2025-06-13","15:22","P3","Software","Configuration","Endpoint Management","Application Support","Project Management","Site A","In Progress","4.92","24","Yes","Yes","No","Medium","Capacity"
"INC-00035","2025-07-20","11:35","P3","Access Management","MFA","Service Desk","Cybersecurity","Administration","Head Office","Resolved","12.1","24","Yes","No","No","Medium","Configuration"
"INC-00036","2025-08-26","18:48","P3","Email & Collaboration","Mailbox","ERP","Service Desk","Operations","Regional Office","Closed","14","24","Yes","Yes","No","Medium","Application Defect"
"INC-00037","2025-10-02","14:01","P3","Hardware","Desktop","Business Applications","Infrastructure","Engineering","Remote","Open","5.31","24","Yes","No","No","Medium","Unknown"
"INC-00038","2025-11-08","10:14","P4","Server & Infrastructure","Virtual Machine","Virtual Infrastructure","Network Team","Procurement","Site B","In Progress","5.44","48","Yes","Yes","No","Low","Hardware Failure"
"INC-00039","2025-12-15","17:27","P4","Network","VPN","Email & Collaboration","Systems Administration","HR","Site A","Resolved","15.8","48","Yes","Yes","No","Low","Access Control"
"INC-00040","2025-01-21","13:40","P4","Security","Suspicious Activity","Active Directory","Application Support","Finance","Head Office","Closed","18.9","48","Yes","No","No","Low","User Error"
"INC-00041","2025-02-27","09:53","P4","Software","Installation","Printing","Cybersecurity","IT","Regional Office","Open","5.83","48","Yes","Yes","No","Low","Network Issue"
"INC-00042","2025-04-05","16:06","P4","Access Management","Permission","File Services","Service Desk","Project Management","Remote","In Progress","5.96","48","Yes","Yes","No","Low","Capacity"
"INC-00043","2025-05-12","12:19","P1","Email & Collaboration","Distribution List","Corporate Network","Infrastructure","Administration","Site B","Resolved","2.3","4","Yes","No","No","Critical","Configuration"
"INC-00044","2025-06-18","08:32","P2","Hardware","Laptop","Endpoint Management","Network Team","Operations","Site A","Closed","4.6","8","Yes","Yes","No","High","Application Defect"
"INC-00045","2025-07-25","15:45","P3","Server & Infrastructure","Storage","Service Desk","Systems Administration","Engineering","Head Office","Open","6.35","24","Yes","No","No","Medium","Unknown"
"INC-00046","2025-08-31","11:58","P3","Network","DNS","ERP","Application Support","Procurement","Regional Office","In Progress","6.48","24","Yes","Yes","No","Medium","Hardware Failure"
"INC-00047","2025-10-07","18:11","P3","Security","Phishing","Business Applications","Cybersecurity","HR","Remote","Resolved","14.7","24","Yes","Yes","No","Medium","Access Control"
"INC-00048","2025-11-13","14:24","P3","Software","Application Error","Virtual Infrastructure","Service Desk","Finance","Site B","Closed","6.7","24","Yes","No","No","Medium","User Error"
"INC-00049","2025-12-20","10:37","P3","Access Management","Account Lockout","Email & Collaboration","Infrastructure","IT","Site A","Open","6.87","24","Yes","Yes","No","Medium","Network Issue"
"INC-00050","2025-01-26","17:50","P3","Email & Collaboration","Teams","Active Directory","Network Team","Project Management","Head Office","In Progress","7","24","Yes","Yes","No","Medium","Capacity"
"INC-00051","2025-03-04","13:03","P3","Hardware","Peripheral","Printing","Systems Administration","Administration","Regional Office","Resolved","12.3","24","Yes","No","No","Medium","Configuration"
"INC-00052","2025-04-10","09:16","P3","Server & Infrastructure","Server Availability","File Services","Application Support","Operations","Remote","Closed","14.2","24","Yes","Yes","No","Medium","Application Defect"
"INC-00053","2025-05-17","16:29","P4","Network","Wi-Fi","Corporate Network","Cybersecurity","Engineering","Site B","Open","7.39","48","Yes","Yes","No","Low","Unknown"
"INC-00054","2025-06-23","12:42","P4","Security","Policy","Endpoint Management","Service Desk","Procurement","Site A","In Progress","7.52","48","Yes","No","No","Low","Hardware Failure"
"INC-00055","2025-07-30","08:55","P4","Software","Licensing","Service Desk","Infrastructure","HR","Head Office","Resolved","16.2","48","Yes","Yes","No","Low","Access Control"
"INC-00056","2025-09-05","15:08","P4","Access Management","Password Reset","ERP","Network Team","Finance","Regional Office","Closed","19.3","48","Yes","Yes","No","Low","User Error"
"INC-00057","2025-10-12","11:21","P4","Email & Collaboration","Calendar","Business Applications","Systems Administration","IT","Remote","Open","7.91","48","Yes","Yes","No","Low","Network Issue"
"INC-00058","2025-11-18","18:34","P2","Hardware","Printer","Virtual Infrastructure","Application Support","Project Management","Site B","In Progress","8.04","8","No","No","No","High","Capacity"
"INC-00059","2025-12-25","14:47","P2","Server & Infrastructure","Backup","Email & Collaboration","Cybersecurity","Administration","Site A","Resolved","3.7","8","Yes","No","No","High","Configuration"
"INC-00060","2025-01-31","10:00","P3","Network","LAN","Active Directory","Service Desk","Operations","Head Office","Closed","9.4","24","Yes","Yes","No","Medium","Application Defect"
"INC-00061","2025-03-09","17:13","P3","Security","Endpoint Protection","Printing","Infrastructure","Engineering","Regional Office","Open","8.43","24","Yes","Yes","Yes","Medium","Unknown"
"INC-00062","2025-04-15","13:26","P3","Software","Configuration","File Services","Network Team","Procurement","Remote","In Progress","8.56","24","Yes","No","No","Medium","Hardware Failure"
"INC-00063","2025-05-22","09:39","P3","Access Management","MFA","Corporate Network","Systems Administration","HR","Site B","Resolved","15","24","Yes","Yes","No","Medium","Access Control"
"INC-00064","2025-06-28","16:52","P3","Email & Collaboration","Mailbox","Endpoint Management","Application Support","Finance","Site A","Closed","6.9","24","Yes","No","No","Medium","User Error"
"INC-00065","2025-08-04","12:05","P3","Hardware","Desktop","Service Desk","Cybersecurity","IT","Head Office","Open","8.95","24","Yes","Yes","No","Medium","Network Issue"
"INC-00066","2025-09-10","08:18","P3","Server & Infrastructure","Virtual Machine","ERP","Service Desk","Project Management","Regional Office","In Progress","9.08","24","Yes","Yes","No","Medium","Capacity"
"INC-00067","2025-10-17","15:31","P4","Network","VPN","Business Applications","Infrastructure","Administration","Remote","Resolved","20.5","48","Yes","No","No","Low","Configuration"
"INC-00068","2025-11-23","11:44","P4","Security","Suspicious Activity","Virtual Infrastructure","Network Team","Operations","Site B","Closed","23.6","48","Yes","Yes","No","Low","Application Defect"
"INC-00069","2025-12-30","18:57","P4","Software","Installation","Email & Collaboration","Systems Administration","Engineering","Site A","Open","9.47","48","Yes","Yes","No","Low","Unknown"
"INC-00070","2025-02-05","14:10","P4","Access Management","Permission","Active Directory","Application Support","Procurement","Head Office","In Progress","9.6","48","Yes","No","No","Low","Hardware Failure"
"INC-00071","2025-03-14","10:23","P4","Email & Collaboration","Distribution List","Printing","Cybersecurity","HR","Regional Office","Resolved","16.6","48","Yes","Yes","No","Low","Access Control"
"INC-00072","2025-04-20","17:36","P2","Hardware","Laptop","File Services","Service Desk","Finance","Remote","Closed","6","8","Yes","No","No","High","User Error"
"INC-00073","2025-05-27","13:49","P2","Server & Infrastructure","Storage","Corporate Network","Infrastructure","IT","Site B","Open","9.99","8","No","Yes","No","High","Network Issue"
"INC-00074","2025-07-03","09:02","P3","Network","DNS","Endpoint Management","Network Team","Project Management","Site A","In Progress","10.12","24","Yes","Yes","No","Medium","Capacity"
"INC-00075","2025-08-09","16:15","P3","Security","Phishing","Service Desk","Systems Administration","Administration","Head Office","Resolved","7.7","24","Yes","No","No","Medium","Configuration"
"INC-00076","2025-09-15","12:28","P3","Software","Application Error","ERP","Application Support","Operations","Regional Office","Closed","9.6","24","Yes","Yes","No","Medium","Application Defect"
"INC-00077","2025-10-22","08:41","P3","Access Management","Account Lockout","Business Applications","Cybersecurity","Engineering","Remote","Open","10.51","24","Yes","Yes","No","Medium","Unknown"
"INC-00078","2025-11-28","15:54","P3","Email & Collaboration","Teams","Virtual Infrastructure","Service Desk","Procurement","Site B","In Progress","10.64","24","Yes","No","No","Medium","Hardware Failure"
"INC-00079","2025-01-04","11:07","P3","Hardware","Peripheral","Email & Collaboration","Infrastructure","HR","Site A","Resolved","15.2","24","Yes","Yes","No","Medium","Access Control"
"INC-00080","2025-02-10","18:20","P3","Server & Infrastructure","Server Availability","Active Directory","Network Team","Finance","Head Office","Closed","7.2","24","Yes","Yes","No","Medium","User Error"
"INC-00081","2025-03-19","14:33","P4","Network","Wi-Fi","Printing","Systems Administration","IT","Regional Office","Open","11.03","48","Yes","No","No","Low","Network Issue"
"INC-00082","2025-04-25","10:46","P4","Security","Policy","File Services","Application Support","Project Management","Remote","In Progress","11.16","48","Yes","Yes","No","Low","Capacity"
"INC-00083","2025-06-01","17:59","P4","Software","Licensing","Corporate Network","Cybersecurity","Administration","Site B","Resolved","20.9","48","Yes","Yes","Yes","Low","Configuration"
"INC-00084","2025-07-08","13:12","P4","Access Management","Password Reset","Endpoint Management","Service Desk","Operations","Site A","Closed","23.9","48","Yes","Yes","No","Low","Application Defect"
"INC-00085","2025-08-14","09:25","P4","Email & Collaboration","Calendar","Service Desk","Infrastructure","Engineering","Head Office","Open","11.55","48","Yes","Yes","No","Low","Unknown"
"INC-00086","2025-09-20","16:38","P1","Hardware","Printer","ERP","Network Team","Procurement","Regional Office","In Progress","11.68","4","No","No","No","Critical","Hardware Failure"
"INC-00087","2025-10-27","12:51","P2","Server & Infrastructure","Backup","Business Applications","Systems Administration","HR","Remote","Resolved","5.2","8","Yes","Yes","No","High","Access Control"
"INC-00088","2025-12-03","08:04","P3","Network","LAN","Virtual Infrastructure","Application Support","Finance","Site B","Closed","12.2","24","Yes","Yes","No","Medium","User Error"
"INC-00089","2025-01-09","15:17","P3","Security","Endpoint Protection","Email & Collaboration","Cybersecurity","IT","Site A","Open","12.07","24","Yes","No","No","Medium","Network Issue"
"INC-00090","2025-02-15","11:30","P3","Software","Configuration","Active Directory","Service Desk","Project Management","Head Office","In Progress","12.2","24","Yes","Yes","No","Medium","Capacity"
"INC-00091","2025-03-24","18:43","P3","Access Management","MFA","Printing","Infrastructure","Administration","Regional Office","Resolved","7.9","24","Yes","No","No","Medium","Configuration"
"INC-00092","2025-04-30","14:56","P3","Email & Collaboration","Mailbox","File Services","Network Team","Operations","Remote","Closed","9.8","24","Yes","Yes","No","Medium","Application Defect"
"INC-00093","2025-06-06","10:09","P3","Hardware","Desktop","Corporate Network","Systems Administration","Engineering","Site B","Open","12.59","24","Yes","Yes","No","Medium","Unknown"
"INC-00094","2025-07-13","17:22","P3","Server & Infrastructure","Virtual Machine","Endpoint Management","Application Support","Procurement","Site A","In Progress","12.72","24","Yes","No","No","Medium","Hardware Failure"
"INC-00095","2025-08-19","13:35","P4","Network","VPN","Service Desk","Cybersecurity","HR","Head Office","Resolved","25.2","48","Yes","Yes","No","Low","Access Control"
"INC-00096","2025-09-25","09:48","P4","Security","Suspicious Activity","ERP","Service Desk","Finance","Regional Office","Closed","12.1","48","Yes","Yes","No","Low","User Error"
"INC-00097","2025-11-01","16:01","P4","Software","Installation","Business Applications","Infrastructure","IT","Remote","Open","13.11","48","Yes","No","No","Low","Network Issue"
"INC-00098","2025-12-08","12:14","P4","Access Management","Permission","Virtual Infrastructure","Network Team","Project Management","Site B","In Progress","13.24","48","Yes","Yes","No","Low","Capacity"
"INC-00099","2025-01-14","08:27","P4","Email & Collaboration","Distribution List","Email & Collaboration","Systems Administration","Administration","Site A","Resolved","21.2","48","Yes","Yes","No","Low","Configuration"
"INC-00100","2025-02-20","15:40","P1","Hardware","Laptop","Active Directory","Application Support","Operations","Head Office","Closed","4.7","4","No","Yes","Yes","Critical","Application Defect"
"INC-00101","2025-03-29","11:53","P2","Server & Infrastructure","Storage","Printing","Cybersecurity","Engineering","Regional Office","Open","13.63","8","No","No","No","High","Unknown"
"INC-00102","2025-05-05","18:06","P2","Network","DNS","File Services","Service Desk","Procurement","Remote","In Progress","13.76","8","No","No","No","High","Hardware Failure"
"INC-00103","2025-06-11","14:19","P3","Security","Phishing","Corporate Network","Infrastructure","HR","Site B","Resolved","10.6","24","Yes","Yes","No","Medium","Access Control"
"INC-00104","2025-07-18","10:32","P3","Software","Application Error","Endpoint Management","Network Team","Finance","Site A","Closed","12.4","24","Yes","Yes","No","Medium","User Error"
"INC-00105","2025-08-24","17:45","P3","Access Management","Account Lockout","Service Desk","Systems Administration","IT","Head Office","Open","14.15","24","Yes","No","Yes","Medium","Network Issue"
"INC-00106","2025-09-30","13:58","P3","Email & Collaboration","Teams","ERP","Application Support","Project Management","Regional Office","In Progress","14.28","24","Yes","Yes","No","Medium","Capacity"
"INC-00107","2025-11-06","09:11","P3","Hardware","Peripheral","Business Applications","Cybersecurity","Administration","Remote","Resolved","8.1","24","Yes","Yes","No","Medium","Configuration"
"INC-00108","2025-12-13","16:24","P3","Server & Infrastructure","Server Availability","Virtual Infrastructure","Service Desk","Operations","Site B","Closed","10","24","Yes","No","No","Medium","Application Defect"
"INC-00109","2025-01-19","12:37","P3","Network","Wi-Fi","Email & Collaboration","Infrastructure","Engineering","Site A","Open","14.67","24","Yes","Yes","No","Medium","Unknown"
"INC-00110","2025-02-25","08:50","P4","Security","Policy","Active Directory","Network Team","Procurement","Head Office","In Progress","14.8","48","Yes","Yes","No","Low","Hardware Failure"
"INC-00111","2025-04-03","15:03","P4","Software","Licensing","Printing","Systems Administration","HR","Regional Office","Resolved","25.6","48","Yes","Yes","No","Low","Access Control"
"INC-00112","2025-05-10","11:16","P4","Access Management","Password Reset","File Services","Application Support","Finance","Remote","Closed","12.4","48","Yes","Yes","No","Low","User Error"
"INC-00113","2025-06-16","18:29","P4","Email & Collaboration","Calendar","Corporate Network","Cybersecurity","IT","Site B","Open","15.19","48","Yes","No","No","Low","Network Issue"
"INC-00114","2025-07-23","14:42","P4","Hardware","Printer","Endpoint Management","Service Desk","Project Management","Site A","In Progress","15.32","48","Yes","Yes","No","Low","Capacity"
"INC-00115","2025-08-29","10:55","P2","Server & Infrastructure","Backup","Service Desk","Infrastructure","Administration","Head Office","Resolved","6.6","8","Yes","No","No","High","Configuration"
"INC-00116","2025-10-05","17:08","P2","Network","LAN","ERP","Network Team","Operations","Regional Office","Closed","7.5","8","Yes","No","No","High","Application Defect"
"INC-00117","2025-11-11","13:21","P3","Security","Endpoint Protection","Business Applications","Systems Administration","Engineering","Remote","Open","15.71","24","Yes","Yes","No","Medium","Unknown"
"INC-00118","2025-12-18","09:34","P3","Software","Configuration","Virtual Infrastructure","Application Support","Procurement","Site B","In Progress","15.84","24","Yes","No","No","Medium","Hardware Failure"
"INC-00119","2025-01-24","16:47","P3","Access Management","MFA","Email & Collaboration","Cybersecurity","HR","Site A","Resolved","10.8","24","Yes","Yes","No","Medium","Access Control"
"INC-00120","2025-03-02","12:00","P3","Email & Collaboration","Mailbox","Active Directory","Service Desk","Finance","Head Office","Closed","12.7","24","Yes","Yes","No","Medium","User Error"
"INC-00121","2025-04-08","08:13","P3","Hardware","Desktop","Printing","Infrastructure","IT","Regional Office","Open","16.23","24","Yes","No","No","Medium","Network Issue"
"INC-00122","2025-05-15","15:26","P3","Server & Infrastructure","Virtual Machine","File Services","Network Team","Project Management","Remote","In Progress","16.36","24","Yes","Yes","Yes","Medium","Capacity"
"INC-00123","2025-06-21","11:39","P3","Network","VPN","Corporate Network","Systems Administration","Administration","Site B","Resolved","8.4","24","Yes","Yes","No","Medium","Configuration"
"INC-00124","2025-07-28","18:52","P4","Security","Suspicious Activity","Endpoint Management","Application Support","Operations","Site A","Closed","16.7","48","Yes","No","No","Low","Application Defect"
"INC-00125","2025-09-03","14:05","P4","Software","Installation","Service Desk","Cybersecurity","Engineering","Head Office","Open","16.75","48","Yes","Yes","No","Low","Unknown"
"INC-00126","2025-10-10","10:18","P4","Access Management","Permission","ERP","Service Desk","Procurement","Regional Office","In Progress","16.88","48","Yes","Yes","No","Low","Hardware Failure"
"INC-00127","2025-11-16","17:31","P4","Email & Collaboration","Distribution List","Business Applications","Infrastructure","HR","Remote","Resolved","25.9","48","Yes","No","Yes","Low","Access Control"
"INC-00128","2025-12-23","13:44","P4","Hardware","Laptop","Virtual Infrastructure","Network Team","Finance","Site B","Closed","12.8","48","Yes","Yes","No","Low","User Error"
"INC-00129","2025-01-29","09:57","P2","Server & Infrastructure","Storage","Email & Collaboration","Systems Administration","IT","Site A","Open","17.27","8","No","No","No","High","Network Issue"
"INC-00130","2025-03-07","16:10","P2","Network","DNS","Active Directory","Application Support","Project Management","Head Office","In Progress","17.4","8","No","Yes","No","High","Capacity"
"INC-00131","2025-04-13","12:23","P3","Security","Phishing","Printing","Cybersecurity","Administration","Regional Office","Resolved","13.4","24","Yes","Yes","No","Medium","Configuration"
"INC-00132","2025-05-20","08:36","P3","Software","Application Error","File Services","Service Desk","Operations","Remote","Closed","15.3","24","Yes","No","No","Medium","Application Defect"
"INC-00133","2025-06-26","15:49","P3","Access Management","Account Lockout","Corporate Network","Infrastructure","Engineering","Site B","Open","17.79","24","Yes","Yes","No","Medium","Unknown"
"INC-00134","2025-08-02","11:02","P3","Email & Collaboration","Teams","Endpoint Management","Network Team","Procurement","Site A","In Progress","17.92","24","Yes","Yes","No","Medium","Hardware Failure"
"INC-00135","2025-09-08","18:15","P3","Hardware","Peripheral","Service Desk","Systems Administration","HR","Head Office","Resolved","11","24","Yes","No","No","Medium","Access Control"
"INC-00136","2025-10-15","14:28","P3","Server & Infrastructure","Server Availability","ERP","Application Support","Finance","Regional Office","Closed","12.9","24","Yes","Yes","No","Medium","User Error"
"INC-00137","2025-11-21","10:41","P3","Network","Wi-Fi","Business Applications","Cybersecurity","IT","Remote","Open","0.81","24","Yes","No","No","Medium","Network Issue"
"INC-00138","2025-12-28","17:54","P4","Security","Policy","Virtual Infrastructure","Service Desk","Project Management","Site B","In Progress","0.94","48","Yes","Yes","No","Low","Capacity"
"INC-00139","2025-02-03","13:07","P4","Software","Licensing","Email & Collaboration","Infrastructure","Administration","Site A","Resolved","14","48","Yes","Yes","No","Low","Configuration"
"INC-00140","2025-03-12","09:20","P4","Access Management","Password Reset","Active Directory","Network Team","Operations","Head Office","Closed","17.1","48","Yes","No","No","Low","Application Defect"
"INC-00141","2025-04-18","16:33","P4","Email & Collaboration","Calendar","Printing","Systems Administration","Engineering","Regional Office","Open","1.33","48","Yes","Yes","No","Low","Unknown"
"INC-00142","2025-05-25","12:46","P4","Hardware","Printer","File Services","Application Support","Procurement","Remote","In Progress","1.46","48","Yes","Yes","No","Low","Hardware Failure"
"INC-00143","2025-07-01","08:59","P1","Server & Infrastructure","Backup","Corporate Network","Cybersecurity","HR","Site B","Resolved","2","4","Yes","No","No","Critical","Access Control"
"INC-00144","2025-08-07","15:12","P2","Network","LAN","Endpoint Management","Service Desk","Finance","Site A","Closed","4","8","Yes","Yes","No","High","User Error"
"INC-00145","2025-09-13","11:25","P3","Security","Endpoint Protection","Service Desk","Infrastructure","IT","Head Office","Open","1.85","24","Yes","No","No","Medium","Network Issue"
"INC-00146","2025-10-20","18:38","P3","Software","Configuration","ERP","Network Team","Project Management","Regional Office","In Progress","1.98","24","Yes","Yes","No","Medium","Capacity"
"INC-00147","2025-11-26","14:51","P3","Access Management","MFA","Business Applications","Systems Administration","Administration","Remote","Resolved","13.6","24","Yes","Yes","No","Medium","Configuration"
"INC-00148","2025-01-02","10:04","P3","Email & Collaboration","Mailbox","Virtual Infrastructure","Application Support","Operations","Site B","Closed","15.5","24","Yes","No","No","Medium","Application Defect"
"INC-00149","2025-02-08","17:17","P3","Hardware","Desktop","Email & Collaboration","Cybersecurity","Engineering","Site A","Open","2.37","24","Yes","Yes","No","Medium","Unknown"
"INC-00150","2025-03-17","13:30","P3","Server & Infrastructure","Virtual Machine","Active Directory","Service Desk","Procurement","Head Office","In Progress","2.5","24","Yes","Yes","No","Medium","Hardware Failure"
"INC-00151","2025-04-23","09:43","P3","Network","VPN","Printing","Infrastructure","HR","Regional Office","Resolved","11.2","24","Yes","No","No","Medium","Access Control"
"INC-00152","2025-05-30","16:56","P3","Security","Suspicious Activity","File Services","Network Team","Finance","Remote","Closed","13.1","24","Yes","Yes","No","Medium","User Error"
"INC-00153","2025-07-06","12:09","P4","Software","Installation","Corporate Network","Systems Administration","IT","Site B","Open","2.89","48","Yes","Yes","No","Low","Network Issue"
"INC-00154","2025-08-12","08:22","P4","Access Management","Permission","Endpoint Management","Application Support","Project Management","Site A","In Progress","3.02","48","Yes","No","No","Low","Capacity"
"INC-00155","2025-09-18","15:35","P4","Email & Collaboration","Distribution List","Service Desk","Cybersecurity","Administration","Head Office","Resolved","14.4","48","Yes","Yes","No","Low","Configuration"
"INC-00156","2025-10-25","11:48","P4","Hardware","Laptop","ERP","Service Desk","Operations","Regional Office","Closed","17.5","48","Yes","Yes","No","Low","Application Defect"
"INC-00157","2025-12-01","18:01","P4","Server & Infrastructure","Storage","Business Applications","Infrastructure","Engineering","Remote","Open","3.41","48","Yes","Yes","No","Low","Unknown"
"INC-00158","2025-01-07","14:14","P2","Network","DNS","Virtual Infrastructure","Network Team","Procurement","Site B","In Progress","3.54","8","Yes","No","No","High","Hardware Failure"
"INC-00159","2025-02-13","10:27","P2","Security","Phishing","Email & Collaboration","Systems Administration","HR","Site A","Resolved","3.2","8","Yes","No","No","High","Access Control"
"INC-00160","2025-03-22","17:40","P3","Software","Application Error","Active Directory","Application Support","Finance","Head Office","Closed","8.3","24","Yes","Yes","No","Medium","User Error"
"INC-00161","2025-04-28","13:53","P3","Access Management","Account Lockout","Printing","Cybersecurity","IT","Regional Office","Open","3.93","24","Yes","Yes","Yes","Medium","Network Issue"
"INC-00162","2025-06-04","09:06","P3","Email & Collaboration","Teams","File Services","Service Desk","Project Management","Remote","In Progress","4.06","24","Yes","No","No","Medium","Capacity"
"INC-00163","2025-07-11","16:19","P3","Hardware","Peripheral","Corporate Network","Infrastructure","Administration","Site B","Resolved","13.9","24","Yes","Yes","No","Medium","Configuration"
"INC-00164","2025-08-17","12:32","P3","Server & Infrastructure","Server Availability","Endpoint Management","Network Team","Operations","Site A","Closed","15.7","24","Yes","No","No","Medium","Application Defect"
"INC-00165","2025-09-23","08:45","P3","Network","Wi-Fi","Service Desk","Systems Administration","Engineering","Head Office","Open","4.45","24","Yes","Yes","No","Medium","Unknown"
"INC-00166","2025-10-30","15:58","P3","Security","Policy","ERP","Application Support","Procurement","Regional Office","In Progress","4.58","24","Yes","Yes","No","Medium","Hardware Failure"
"INC-00167","2025-12-06","11:11","P4","Software","Licensing","Business Applications","Cybersecurity","HR","Remote","Resolved","18.7","48","Yes","No","No","Low","Access Control"
"INC-00168","2025-01-12","18:24","P4","Access Management","Password Reset","Virtual Infrastructure","Service Desk","Finance","Site B","Closed","21.8","48","Yes","Yes","No","Low","User Error"
"INC-00169","2025-02-18","14:37","P4","Email & Collaboration","Calendar","Email & Collaboration","Infrastructure","IT","Site A","Open","4.97","48","Yes","Yes","No","Low","Network Issue"
"INC-00170","2025-03-27","10:50","P4","Hardware","Printer","Active Directory","Network Team","Project Management","Head Office","In Progress","5.1","48","Yes","No","No","Low","Capacity"
"INC-00171","2025-05-03","17:03","P4","Server & Infrastructure","Backup","Printing","Systems Administration","Administration","Regional Office","Resolved","14.8","48","Yes","Yes","No","Low","Configuration"
"INC-00172","2025-06-09","13:16","P2","Network","LAN","File Services","Application Support","Operations","Remote","Closed","5.4","8","Yes","No","No","High","Application Defect"
"INC-00173","2025-07-16","09:29","P2","Security","Endpoint Protection","Corporate Network","Cybersecurity","Engineering","Site B","Open","5.49","8","Yes","Yes","No","High","Unknown"
"INC-00174","2025-08-22","16:42","P3","Software","Configuration","Endpoint Management","Service Desk","Procurement","Site A","In Progress","5.62","24","Yes","Yes","No","Medium","Hardware Failure"
"INC-00175","2025-09-28","12:55","P3","Access Management","MFA","Service Desk","Infrastructure","HR","Head Office","Resolved","6.6","24","Yes","No","No","Medium","Access Control"
"INC-00176","2025-11-04","08:08","P3","Email & Collaboration","Mailbox","ERP","Network Team","Finance","Regional Office","Closed","8.5","24","Yes","Yes","No","Medium","User Error"
"INC-00177","2025-12-11","15:21","P3","Hardware","Desktop","Business Applications","Systems Administration","IT","Remote","Open","6.01","24","Yes","Yes","No","Medium","Network Issue"
"INC-00178","2025-01-17","11:34","P3","Server & Infrastructure","Virtual Machine","Virtual Infrastructure","Application Support","Project Management","Site B","In Progress","6.14","24","Yes","No","No","Medium","Capacity"
"INC-00179","2025-02-23","18:47","P3","Network","VPN","Email & Collaboration","Cybersecurity","Administration","Site A","Resolved","14.1","24","Yes","Yes","No","Medium","Configuration"
"INC-00180","2025-04-01","14:00","P3","Security","Suspicious Activity","Active Directory","Service Desk","Operations","Head Office","Closed","6.1","24","Yes","Yes","No","Medium","Application Defect"
"INC-00181","2025-05-08","10:13","P4","Software","Installation","Printing","Infrastructure","Engineering","Regional Office","Open","6.53","48","Yes","No","No","Low","Unknown"
"INC-00182","2025-06-14","17:26","P4","Access Management","Permission","File Services","Network Team","Procurement","Remote","In Progress","6.66","48","Yes","Yes","No","Low","Hardware Failure"
"INC-00183","2025-07-21","13:39","P4","Email & Collaboration","Distribution List","Corporate Network","Systems Administration","HR","Site B","Resolved","19.1","48","Yes","Yes","Yes","Low","Access Control"
"INC-00184","2025-08-27","09:52","P4","Hardware","Laptop","Endpoint Management","Application Support","Finance","Site A","Closed","22.1","48","Yes","Yes","No","Low","User Error"
"INC-00185","2025-10-03","16:05","P4","Server & Infrastructure","Storage","Service Desk","Cybersecurity","IT","Head Office","Open","7.05","48","Yes","Yes","No","Low","Network Issue"
"INC-00186","2025-11-09","12:18","P1","Network","DNS","ERP","Service Desk","Project Management","Regional Office","In Progress","7.18","4","No","No","No","Critical","Capacity"
"INC-00187","2025-12-16","08:31","P2","Security","Phishing","Business Applications","Infrastructure","Administration","Remote","Resolved","4.6","8","Yes","Yes","No","High","Configuration"
"INC-00188","2025-01-22","15:44","P3","Software","Application Error","Virtual Infrastructure","Network Team","Operations","Site B","Closed","11.1","24","Yes","Yes","No","Medium","Application Defect"
"INC-00189","2025-02-28","11:57","P3","Access Management","Account Lockout","Email & Collaboration","Systems Administration","Engineering","Site A","Open","7.57","24","Yes","No","No","Medium","Unknown"
"INC-00190","2025-04-06","18:10","P3","Email & Collaboration","Teams","Active Directory","Application Support","Procurement","Head Office","In Progress","7.7","24","Yes","Yes","No","Medium","Hardware Failure"
"INC-00191","2025-05-13","14:23","P3","Hardware","Peripheral","Printing","Cybersecurity","HR","Regional Office","Resolved","6.8","24","Yes","No","No","Medium","Access Control"
"INC-00192","2025-06-19","10:36","P3","Server & Infrastructure","Server Availability","File Services","Service Desk","Finance","Remote","Closed","8.7","24","Yes","Yes","No","Medium","User Error"
"INC-00193","2025-07-26","17:49","P3","Network","Wi-Fi","Corporate Network","Infrastructure","IT","Site B","Open","8.09","24","Yes","Yes","No","Medium","Network Issue"
"INC-00194","2025-09-01","13:02","P3","Security","Policy","Endpoint Management","Network Team","Project Management","Site A","In Progress","8.22","24","Yes","No","No","Medium","Capacity"
"INC-00195","2025-10-08","09:15","P4","Software","Licensing","Service Desk","Systems Administration","Administration","Head Office","Resolved","23.4","48","Yes","Yes","No","Low","Configuration"
"INC-00196","2025-11-14","16:28","P4","Access Management","Password Reset","ERP","Application Support","Operations","Regional Office","Closed","10.3","48","Yes","Yes","No","Low","Application Defect"
"INC-00197","2025-12-21","12:41","P4","Email & Collaboration","Calendar","Business Applications","Cybersecurity","Engineering","Remote","Open","8.61","48","Yes","No","No","Low","Unknown"
"INC-00198","2025-01-27","08:54","P4","Hardware","Printer","Virtual Infrastructure","Service Desk","Procurement","Site B","In Progress","8.74","48","Yes","Yes","No","Low","Hardware Failure"
"INC-00199","2025-03-05","15:07","P4","Server & Infrastructure","Backup","Email & Collaboration","Infrastructure","HR","Site A","Resolved","19.4","48","Yes","Yes","No","Low","Access Control"
"INC-00200","2025-04-11","11:20","P1","Network","LAN","Active Directory","Network Team","Finance","Head Office","Closed","4.4","4","No","Yes","Yes","Critical","User Error"
"INC-00201","2025-05-18","18:33","P2","Security","Endpoint Protection","Printing","Systems Administration","IT","Regional Office","Open","9.13","8","No","No","No","High","Network Issue"
"INC-00202","2025-06-24","14:46","P2","Software","Configuration","File Services","Application Support","Project Management","Remote","In Progress","9.26","8","No","No","No","High","Capacity"
"INC-00203","2025-07-31","10:59","P3","Access Management","MFA","Corporate Network","Cybersecurity","Administration","Site B","Resolved","9.5","24","Yes","Yes","No","Medium","Configuration"
"INC-00204","2025-09-06","17:12","P3","Email & Collaboration","Mailbox","Endpoint Management","Service Desk","Operations","Site A","Closed","11.3","24","Yes","Yes","No","Medium","Application Defect"
"INC-00205","2025-10-13","13:25","P3","Hardware","Desktop","Service Desk","Infrastructure","Engineering","Head Office","Open","9.65","24","Yes","No","Yes","Medium","Unknown"
"INC-00206","2025-11-19","09:38","P3","Server & Infrastructure","Virtual Machine","ERP","Network Team","Procurement","Regional Office","In Progress","9.78","24","Yes","Yes","No","Medium","Hardware Failure"
"INC-00207","2025-12-26","16:51","P3","Network","VPN","Business Applications","Systems Administration","HR","Remote","Resolved","7","24","Yes","Yes","No","Medium","Access Control"
"INC-00208","2025-02-01","12:04","P3","Security","Suspicious Activity","Virtual Infrastructure","Application Support","Finance","Site B","Closed","8.9","24","Yes","No","No","Medium","User Error"
"INC-00209","2025-03-10","08:17","P3","Software","Installation","Email & Collaboration","Cybersecurity","IT","Site A","Open","10.17","24","Yes","Yes","No","Medium","Network Issue"
"INC-00210","2025-04-16","15:30","P4","Access Management","Permission","Active Directory","Service Desk","Project Management","Head Office","In Progress","10.3","48","Yes","Yes","No","Low","Capacity"
"INC-00211","2025-05-23","11:43","P4","Email & Collaboration","Distribution List","Printing","Infrastructure","Administration","Regional Office","Resolved","23.8","48","Yes","Yes","No","Low","Configuration"
"INC-00212","2025-06-29","18:56","P4","Hardware","Laptop","File Services","Network Team","Operations","Remote","Closed","10.6","48","Yes","Yes","No","Low","Application Defect"
"INC-00213","2025-08-05","14:09","P4","Server & Infrastructure","Storage","Corporate Network","Systems Administration","Engineering","Site B","Open","10.69","48","Yes","No","No","Low","Unknown"
"INC-00214","2025-09-11","10:22","P4","Network","DNS","Endpoint Management","Application Support","Procurement","Site A","In Progress","10.82","48","Yes","Yes","No","Low","Hardware Failure"
"INC-00215","2025-10-18","17:35","P2","Security","Phishing","Service Desk","Cybersecurity","HR","Head Office","Resolved","6.1","8","Yes","No","No","High","Access Control"
"INC-00216","2025-11-24","13:48","P2","Software","Application Error","ERP","Service Desk","Finance","Regional Office","Closed","7","8","Yes","No","No","High","User Error"
"INC-00217","2025-12-31","09:01","P3","Access Management","Account Lockout","Business Applications","Infrastructure","IT","Remote","Open","11.21","24","Yes","Yes","No","Medium","Network Issue"
"INC-00218","2025-02-06","16:14","P3","Email & Collaboration","Teams","Virtual Infrastructure","Network Team","Project Management","Site B","In Progress","11.34","24","Yes","No","No","Medium","Capacity"
"INC-00219","2025-03-15","12:27","P3","Hardware","Peripheral","Email & Collaboration","Systems Administration","Administration","Site A","Resolved","9.7","24","Yes","Yes","No","Medium","Configuration"
"INC-00220","2025-04-21","08:40","P3","Server & Infrastructure","Server Availability","Active Directory","Application Support","Operations","Head Office","Closed","11.6","24","Yes","Yes","No","Medium","Application Defect"
"INC-00221","2025-05-28","15:53","P3","Network","Wi-Fi","Printing","Cybersecurity","Engineering","Regional Office","Open","11.73","24","Yes","No","No","Medium","Unknown"
"INC-00222","2025-07-04","11:06","P3","Security","Policy","File Services","Service Desk","Procurement","Remote","In Progress","11.86","24","Yes","Yes","Yes","Medium","Hardware Failure"
"INC-00223","2025-08-10","18:19","P3","Software","Licensing","Corporate Network","Infrastructure","HR","Site B","Resolved","7.3","24","Yes","Yes","No","Medium","Access Control"
"INC-00224","2025-09-16","14:32","P4","Access Management","Password Reset","Endpoint Management","Network Team","Finance","Site A","Closed","14.9","48","Yes","No","No","Low","User Error"
"INC-00225","2025-10-23","10:45","P4","Email & Collaboration","Calendar","Service Desk","Systems Administration","IT","Head Office","Open","12.25","48","Yes","Yes","No","Low","Network Issue"
"INC-00226","2025-11-29","17:58","P4","Hardware","Printer","ERP","Application Support","Project Management","Regional Office","In Progress","12.38","48","Yes","Yes","No","Low","Capacity"
"INC-00227","2025-01-05","13:11","P4","Server & Infrastructure","Backup","Business Applications","Cybersecurity","Administration","Remote","Resolved","24.1","48","Yes","No","Yes","Low","Configuration"
"INC-00228","2025-02-11","09:24","P4","Network","LAN","Virtual Infrastructure","Service Desk","Operations","Site B","Closed","11","48","Yes","Yes","No","Low","Application Defect"
"INC-00229","2025-03-20","16:37","P2","Security","Endpoint Protection","Email & Collaboration","Infrastructure","Engineering","Site A","Open","12.77","8","No","No","No","High","Unknown"
"INC-00230","2025-04-26","12:50","P2","Software","Configuration","Active Directory","Network Team","Procurement","Head Office","In Progress","12.9","8","No","Yes","No","High","Hardware Failure"
"INC-00231","2025-06-02","08:03","P3","Access Management","MFA","Printing","Systems Administration","HR","Regional Office","Resolved","12.3","24","Yes","Yes","No","Medium","Access Control"
"INC-00232","2025-07-09","15:16","P3","Email & Collaboration","Mailbox","File Services","Application Support","Finance","Remote","Closed","14.2","24","Yes","No","No","Medium","User Error"
"INC-00233","2025-08-15","11:29","P3","Hardware","Desktop","Corporate Network","Cybersecurity","IT","Site B","Open","13.29","24","Yes","Yes","No","Medium","Network Issue"
"INC-00234","2025-09-21","18:42","P3","Server & Infrastructure","Virtual Machine","Endpoint Management","Service Desk","Project Management","Site A","In Progress","13.42","24","Yes","Yes","No","Medium","Capacity"
"INC-00235","2025-10-28","14:55","P3","Network","VPN","Service Desk","Infrastructure","Administration","Head Office","Resolved","9.9","24","Yes","No","No","Medium","Configuration"
"INC-00236","2025-12-04","10:08","P3","Security","Suspicious Activity","ERP","Network Team","Operations","Regional Office","Closed","11.8","24","Yes","Yes","No","Medium","Application Defect"
"INC-00237","2025-01-10","17:21","P3","Software","Installation","Business Applications","Systems Administration","Engineering","Remote","Open","13.81","24","Yes","No","No","Medium","Unknown"
"INC-00238","2025-02-16","13:34","P4","Access Management","Permission","Virtual Infrastructure","Application Support","Procurement","Site B","In Progress","13.94","48","Yes","Yes","No","Low","Hardware Failure"
"INC-00239","2025-03-25","09:47","P4","Email & Collaboration","Distribution List","Email & Collaboration","Cybersecurity","HR","Site A","Resolved","12.2","48","Yes","Yes","No","Low","Access Control"
"INC-00240","2025-05-01","16:00","P4","Hardware","Laptop","Active Directory","Service Desk","Finance","Head Office","Closed","15.3","48","Yes","No","No","Low","User Error"
"INC-00241","2025-06-07","12:13","P4","Server & Infrastructure","Storage","Printing","Infrastructure","IT","Regional Office","Open","14.33","48","Yes","Yes","No","Low","Network Issue"
"INC-00242","2025-07-14","08:26","P4","Network","DNS","File Services","Network Team","Project Management","Remote","In Progress","14.46","48","Yes","Yes","No","Low","Capacity"
"INC-00243","2025-08-20","15:39","P1","Security","Phishing","Corporate Network","Systems Administration","Administration","Site B","Resolved","4.8","4","No","No","No","Critical","Configuration"
"INC-00244","2025-09-26","11:52","P2","Software","Application Error","Endpoint Management","Application Support","Operations","Site A","Closed","3.5","8","Yes","Yes","No","High","Application Defect"
"INC-00245","2025-11-02","18:05","P3","Access Management","Account Lockout","Service Desk","Cybersecurity","Engineering","Head Office","Open","14.85","24","Yes","No","No","Medium","Unknown"
"INC-00246","2025-12-09","14:18","P3","Email & Collaboration","Teams","ERP","Service Desk","Procurement","Regional Office","In Progress","14.98","24","Yes","Yes","No","Medium","Hardware Failure"
"INC-00247","2025-01-15","10:31","P3","Hardware","Peripheral","Business Applications","Infrastructure","HR","Remote","Resolved","12.5","24","Yes","Yes","No","Medium","Access Control"
"INC-00248","2025-02-21","17:44","P3","Server & Infrastructure","Server Availability","Virtual Infrastructure","Network Team","Finance","Site B","Closed","14.4","24","Yes","No","No","Medium","User Error"
"INC-00249","2025-03-30","13:57","P3","Network","Wi-Fi","Email & Collaboration","Systems Administration","IT","Site A","Open","15.37","24","Yes","Yes","No","Medium","Network Issue"
"INC-00250","2025-05-06","09:10","P3","Security","Policy","Active Directory","Application Support","Project Management","Head Office","In Progress","15.5","24","Yes","Yes","No","Medium","Capacity"
"INC-00251","2025-06-12","16:23","P3","Software","Licensing","Printing","Cybersecurity","Administration","Regional Office","Resolved","10.1","24","Yes","No","No","Medium","Configuration"
"INC-00252","2025-07-19","12:36","P3","Access Management","Password Reset","File Services","Service Desk","Operations","Remote","Closed","12","24","Yes","Yes","No","Medium","Application Defect"
"INC-00253","2025-08-25","08:49","P4","Email & Collaboration","Calendar","Corporate Network","Infrastructure","Engineering","Site B","Open","15.89","48","Yes","Yes","No","Low","Unknown"
"INC-00254","2025-10-01","15:02","P4","Hardware","Printer","Endpoint Management","Network Team","Procurement","Site A","In Progress","16.02","48","Yes","No","No","Low","Hardware Failure"
"INC-00255","2025-11-07","11:15","P4","Server & Infrastructure","Backup","Service Desk","Systems Administration","HR","Head Office","Resolved","12.6","48","Yes","Yes","No","Low","Access Control"
"INC-00256","2025-12-14","18:28","P4","Network","LAN","ERP","Application Support","Finance","Regional Office","Closed","15.7","48","Yes","Yes","No","Low","User Error"
"INC-00257","2025-01-20","14:41","P4","Security","Endpoint Protection","Business Applications","Cybersecurity","IT","Remote","Open","16.41","48","Yes","Yes","No","Low","Network Issue"
"INC-00258","2025-02-26","10:54","P2","Software","Configuration","Virtual Infrastructure","Service Desk","Project Management","Site B","In Progress","16.54","8","No","No","No","High","Capacity"
"INC-00259","2025-04-04","17:07","P2","Access Management","MFA","Email & Collaboration","Infrastructure","Administration","Site A","Resolved","7.6","8","Yes","No","No","High","Configuration"
"INC-00260","2025-05-11","13:20","P3","Email & Collaboration","Mailbox","Active Directory","Network Team","Operations","Head Office","Closed","7.2","24","Yes","Yes","No","Medium","Application Defect"
"INC-00261","2025-06-17","09:33","P3","Hardware","Desktop","Printing","Systems Administration","Engineering","Regional Office","Open","16.93","24","Yes","Yes","Yes","Medium","Unknown"
"INC-00262","2025-07-24","16:46","P3","Server & Infrastructure","Virtual Machine","File Services","Application Support","Procurement","Remote","In Progress","17.06","24","Yes","No","No","Medium","Hardware Failure"
"INC-00263","2025-08-30","12:59","P3","Network","VPN","Corporate Network","Cybersecurity","HR","Site B","Resolved","12.8","24","Yes","Yes","No","Medium","Access Control"
"INC-00264","2025-10-06","08:12","P3","Security","Suspicious Activity","Endpoint Management","Service Desk","Finance","Site A","Closed","14.6","24","Yes","No","No","Medium","User Error"
"INC-00265","2025-11-12","15:25","P3","Software","Installation","Service Desk","Infrastructure","IT","Head Office","Open","17.45","24","Yes","Yes","No","Medium","Network Issue"
"INC-00266","2025-12-19","11:38","P3","Access Management","Permission","ERP","Network Team","Project Management","Regional Office","In Progress","17.58","24","Yes","Yes","No","Medium","Capacity"
"INC-00267","2025-01-25","18:51","P4","Email & Collaboration","Distribution List","Business Applications","Systems Administration","Administration","Remote","Resolved","16.9","48","Yes","No","No","Low","Configuration"
"INC-00268","2025-03-03","14:04","P4","Hardware","Laptop","Virtual Infrastructure","Application Support","Operations","Site B","Closed","20","48","Yes","Yes","No","Low","Application Defect"
"INC-00269","2025-04-09","10:17","P4","Server & Infrastructure","Storage","Email & Collaboration","Cybersecurity","Engineering","Site A","Open","17.97","48","Yes","Yes","No","Low","Unknown"
"INC-00270","2025-05-16","17:30","P4","Network","DNS","Active Directory","Service Desk","Procurement","Head Office","In Progress","0.6","48","Yes","No","No","Low","Hardware Failure"
"INC-00271","2025-06-22","13:43","P4","Security","Phishing","Printing","Infrastructure","HR","Regional Office","Resolved","13","48","Yes","Yes","No","Low","Access Control"
"INC-00272","2025-07-29","09:56","P2","Software","Application Error","File Services","Network Team","Finance","Remote","Closed","4.9","8","Yes","No","No","High","User Error"
"INC-00273","2025-09-04","16:09","P2","Access Management","Account Lockout","Corporate Network","Systems Administration","IT","Site B","Open","0.99","8","Yes","Yes","No","High","Network Issue"
"INC-00274","2025-10-11","12:22","P3","Email & Collaboration","Teams","Endpoint Management","Application Support","Project Management","Site A","In Progress","1.12","24","Yes","Yes","No","Medium","Capacity"
"INC-00275","2025-11-17","08:35","P3","Hardware","Peripheral","Service Desk","Cybersecurity","Administration","Head Office","Resolved","15.4","24","Yes","No","No","Medium","Configuration"
"INC-00276","2025-12-24","15:48","P3","Server & Infrastructure","Server Availability","ERP","Service Desk","Operations","Regional Office","Closed","7.4","24","Yes","Yes","No","Medium","Application Defect"
"INC-00277","2025-01-30","11:01","P3","Network","Wi-Fi","Business Applications","Infrastructure","Engineering","Remote","Open","1.51","24","Yes","Yes","No","Medium","Unknown"
"INC-00278","2025-03-08","18:14","P3","Security","Policy","Virtual Infrastructure","Network Team","Procurement","Site B","In Progress","1.64","24","Yes","No","No","Medium","Hardware Failure"
"INC-00279","2025-04-14","14:27","P3","Software","Licensing","Email & Collaboration","Systems Administration","HR","Site A","Resolved","13","24","Yes","Yes","No","Medium","Access Control"
"INC-00280","2025-05-21","10:40","P3","Access Management","Password Reset","Active Directory","Application Support","Finance","Head Office","Closed","14.9","24","Yes","Yes","No","Medium","User Error"
"INC-00281","2025-06-27","17:53","P4","Email & Collaboration","Calendar","Printing","Cybersecurity","IT","Regional Office","Open","2.03","48","Yes","No","No","Low","Network Issue"
"INC-00282","2025-08-03","13:06","P4","Hardware","Printer","File Services","Service Desk","Project Management","Remote","In Progress","2.16","48","Yes","Yes","No","Low","Capacity"
"INC-00283","2025-09-09","09:19","P4","Server & Infrastructure","Backup","Corporate Network","Infrastructure","Administration","Site B","Resolved","17.3","48","Yes","Yes","Yes","Low","Configuration"
"INC-00284","2025-10-16","16:32","P4","Network","LAN","Endpoint Management","Network Team","Operations","Site A","Closed","20.3","48","Yes","Yes","No","Low","Application Defect"
"INC-00285","2025-11-22","12:45","P4","Security","Endpoint Protection","Service Desk","Systems Administration","Engineering","Head Office","Open","2.55","48","Yes","Yes","No","Low","Unknown"
"INC-00286","2025-12-29","08:58","P1","Software","Configuration","ERP","Application Support","Procurement","Regional Office","In Progress","2.68","4","Yes","No","No","Critical","Hardware Failure"
"INC-00287","2025-02-04","15:11","P2","Access Management","MFA","Business Applications","Cybersecurity","HR","Remote","Resolved","4.1","8","Yes","Yes","No","High","Access Control"
"INC-00288","2025-03-13","11:24","P3","Email & Collaboration","Mailbox","Virtual Infrastructure","Service Desk","Finance","Site B","Closed","10","24","Yes","Yes","No","Medium","User Error"
"INC-00289","2025-04-19","18:37","P3","Hardware","Desktop","Email & Collaboration","Infrastructure","IT","Site A","Open","3.07","24","Yes","No","No","Medium","Network Issue"
"INC-00290","2025-05-26","14:50","P3","Server & Infrastructure","Virtual Machine","Active Directory","Network Team","Project Management","Head Office","In Progress","3.2","24","Yes","Yes","No","Medium","Capacity"
"INC-00291","2025-07-02","10:03","P3","Network","VPN","Printing","Systems Administration","Administration","Regional Office","Resolved","15.6","24","Yes","No","No","Medium","Configuration"
"INC-00292","2025-08-08","17:16","P3","Security","Suspicious Activity","File Services","Application Support","Operations","Remote","Closed","7.6","24","Yes","Yes","No","Medium","Application Defect"
"INC-00293","2025-09-14","13:29","P3","Software","Installation","Corporate Network","Cybersecurity","Engineering","Site B","Open","3.59","24","Yes","Yes","No","Medium","Unknown"
"INC-00294","2025-10-21","09:42","P3","Access Management","Permission","Endpoint Management","Service Desk","Procurement","Site A","In Progress","3.72","24","Yes","No","No","Medium","Hardware Failure"
"INC-00295","2025-11-27","16:55","P4","Email & Collaboration","Distribution List","Service Desk","Infrastructure","HR","Head Office","Resolved","21.6","48","Yes","Yes","No","Low","Access Control"
"INC-00296","2025-01-03","12:08","P4","Hardware","Laptop","ERP","Network Team","Finance","Regional Office","Closed","24.7","48","Yes","Yes","No","Low","User Error"
"INC-00297","2025-02-09","08:21","P4","Server & Infrastructure","Storage","Business Applications","Systems Administration","IT","Remote","Open","4.11","48","Yes","No","No","Low","Network Issue"
"INC-00298","2025-03-18","15:34","P4","Network","DNS","Virtual Infrastructure","Application Support","Project Management","Site B","In Progress","4.24","48","Yes","Yes","No","Low","Capacity"
"INC-00299","2025-04-24","11:47","P4","Security","Phishing","Email & Collaboration","Cybersecurity","Administration","Site A","Resolved","17.6","48","Yes","Yes","No","Low","Configuration"
"INC-00300","2025-05-31","18:00","P1","Software","Application Error","Active Directory","Service Desk","Operations","Head Office","Closed","4","4","Yes","Yes","Yes","Critical","Application Defect"
"INC-00301","2025-07-07","14:13","P2","Access Management","Account Lockout","Printing","Infrastructure","Engineering","Regional Office","Open","4.63","8","Yes","No","No","High","Unknown"
"INC-00302","2025-08-13","10:26","P2","Email & Collaboration","Teams","File Services","Network Team","Procurement","Remote","In Progress","4.76","8","Yes","No","No","High","Hardware Failure"
"INC-00303","2025-09-19","17:39","P3","Hardware","Peripheral","Corporate Network","Systems Administration","HR","Site B","Resolved","8.4","24","Yes","Yes","No","Medium","Access Control"
"INC-00304","2025-10-26","13:52","P3","Server & Infrastructure","Server Availability","Endpoint Management","Application Support","Finance","Site A","Closed","10.2","24","Yes","Yes","No","Medium","User Error"
"INC-00305","2025-12-02","09:05","P3","Network","Wi-Fi","Service Desk","Cybersecurity","IT","Head Office","Open","5.15","24","Yes","No","Yes","Medium","Network Issue"
"INC-00306","2025-01-08","16:18","P3","Security","Policy","ERP","Service Desk","Project Management","Regional Office","In Progress","5.28","24","Yes","Yes","No","Medium","Capacity"
"INC-00307","2025-02-14","12:31","P3","Software","Licensing","Business Applications","Infrastructure","Administration","Remote","Resolved","15.8","24","Yes","Yes","No","Medium","Configuration"
"INC-00308","2025-03-23","08:44","P3","Access Management","Password Reset","Virtual Infrastructure","Network Team","Operations","Site B","Closed","7.8","24","Yes","No","No","Medium","Application Defect"
"INC-00309","2025-04-29","15:57","P3","Email & Collaboration","Calendar","Email & Collaboration","Systems Administration","Engineering","Site A","Open","5.67","24","Yes","Yes","No","Medium","Unknown"
"INC-00310","2025-06-05","11:10","P4","Hardware","Printer","Active Directory","Application Support","Procurement","Head Office","In Progress","5.8","48","Yes","Yes","No","Low","Hardware Failure"
"INC-00311","2025-07-12","18:23","P4","Server & Infrastructure","Backup","Printing","Cybersecurity","HR","Regional Office","Resolved","22","48","Yes","Yes","No","Low","Access Control"
"INC-00312","2025-08-18","14:36","P4","Network","LAN","File Services","Service Desk","Finance","Remote","Closed","25","48","Yes","Yes","No","Low","User Error"
"INC-00313","2025-09-24","10:49","P4","Security","Endpoint Protection","Corporate Network","Infrastructure","IT","Site B","Open","6.19","48","Yes","No","No","Low","Network Issue"
"INC-00314","2025-10-31","17:02","P4","Software","Configuration","Endpoint Management","Network Team","Project Management","Site A","In Progress","6.32","48","Yes","Yes","No","Low","Capacity"
"INC-00315","2025-12-07","13:15","P2","Access Management","MFA","Service Desk","Systems Administration","Administration","Head Office","Resolved","5.5","8","Yes","No","No","High","Configuration"
"INC-00316","2025-01-13","09:28","P2","Email & Collaboration","Mailbox","ERP","Application Support","Operations","Regional Office","Closed","6.4","8","Yes","No","No","High","Application Defect"
"INC-00317","2025-02-19","16:41","P3","Hardware","Desktop","Business Applications","Cybersecurity","Engineering","Remote","Open","6.71","24","Yes","Yes","No","Medium","Unknown"
"INC-00318","2025-03-28","12:54","P3","Server & Infrastructure","Virtual Machine","Virtual Infrastructure","Service Desk","Procurement","Site B","In Progress","6.84","24","Yes","No","No","Medium","Hardware Failure"
"INC-00319","2025-05-04","08:07","P3","Network","VPN","Email & Collaboration","Infrastructure","HR","Site A","Resolved","8.6","24","Yes","Yes","No","Medium","Access Control"
"INC-00320","2025-06-10","15:20","P3","Security","Suspicious Activity","Active Directory","Network Team","Finance","Head Office","Closed","10.5","24","Yes","Yes","No","Medium","User Error"
"INC-00321","2025-07-17","11:33","P3","Software","Installation","Printing","Systems Administration","IT","Regional Office","Open","7.23","24","Yes","No","No","Medium","Network Issue"
"INC-00322","2025-08-23","18:46","P3","Access Management","Permission","File Services","Application Support","Project Management","Remote","In Progress","7.36","24","Yes","Yes","Yes","Medium","Capacity"
"INC-00323","2025-09-29","14:59","P3","Email & Collaboration","Distribution List","Corporate Network","Cybersecurity","Administration","Site B","Resolved","6.2","24","Yes","Yes","No","Medium","Configuration"
"INC-00324","2025-11-05","10:12","P4","Hardware","Laptop","Endpoint Management","Service Desk","Operations","Site A","Closed","13.1","48","Yes","No","No","Low","Application Defect"
"INC-00325","2025-12-12","17:25","P4","Server & Infrastructure","Storage","Service Desk","Infrastructure","Engineering","Head Office","Open","7.75","48","Yes","Yes","No","Low","Unknown"
"INC-00326","2025-01-18","13:38","P4","Network","DNS","ERP","Network Team","Procurement","Regional Office","In Progress","7.88","48","Yes","Yes","No","Low","Hardware Failure"
"INC-00327","2025-02-24","09:51","P4","Security","Phishing","Business Applications","Systems Administration","HR","Remote","Resolved","22.3","48","Yes","No","Yes","Low","Access Control"
"INC-00328","2025-04-02","16:04","P4","Software","Application Error","Virtual Infrastructure","Application Support","Finance","Site B","Closed","25.4","48","Yes","Yes","No","Low","User Error"
"INC-00329","2025-05-09","12:17","P2","Access Management","Account Lockout","Email & Collaboration","Cybersecurity","IT","Site A","Open","8.27","8","No","No","No","High","Network Issue"
"INC-00330","2025-06-15","08:30","P2","Email & Collaboration","Teams","Active Directory","Service Desk","Project Management","Head Office","In Progress","8.4","8","No","Yes","No","High","Capacity"
"INC-00331","2025-07-22","15:43","P3","Hardware","Peripheral","Printing","Infrastructure","Administration","Regional Office","Resolved","11.2","24","Yes","Yes","No","Medium","Configuration"
"INC-00332","2025-08-28","11:56","P3","Server & Infrastructure","Server Availability","File Services","Network Team","Operations","Remote","Closed","13.1","24","Yes","No","No","Medium","Application Defect"
"INC-00333","2025-10-04","18:09","P3","Network","Wi-Fi","Corporate Network","Systems Administration","Engineering","Site B","Open","8.79","24","Yes","Yes","No","Medium","Unknown"
"INC-00334","2025-11-10","14:22","P3","Security","Policy","Endpoint Management","Application Support","Procurement","Site A","In Progress","8.92","24","Yes","Yes","No","Medium","Hardware Failure"
"INC-00335","2025-12-17","10:35","P3","Software","Licensing","Service Desk","Cybersecurity","HR","Head Office","Resolved","8.8","24","Yes","No","No","Medium","Access Control"
"INC-00336","2025-01-23","17:48","P3","Access Management","Password Reset","ERP","Service Desk","Finance","Regional Office","Closed","10.7","24","Yes","Yes","No","Medium","User Error"
"INC-00337","2025-03-01","13:01","P3","Email & Collaboration","Calendar","Business Applications","Infrastructure","IT","Remote","Open","9.31","24","Yes","No","No","Medium","Network Issue"
"INC-00338","2025-04-07","09:14","P4","Hardware","Printer","Virtual Infrastructure","Network Team","Project Management","Site B","In Progress","9.44","48","Yes","Yes","No","Low","Capacity"
"INC-00339","2025-05-14","16:27","P4","Server & Infrastructure","Backup","Email & Collaboration","Systems Administration","Administration","Site A","Resolved","10.4","48","Yes","Yes","No","Low","Configuration"
"INC-00340","2025-06-20","12:40","P4","Network","LAN","Active Directory","Application Support","Operations","Head Office","Closed","13.5","48","Yes","No","No","Low","Application Defect"
"INC-00341","2025-07-27","08:53","P4","Security","Endpoint Protection","Printing","Cybersecurity","Engineering","Regional Office","Open","9.83","48","Yes","Yes","No","Low","Unknown"
"INC-00342","2025-09-02","15:06","P4","Software","Configuration","File Services","Service Desk","Procurement","Remote","In Progress","9.96","48","Yes","Yes","No","Low","Hardware Failure"
"INC-00343","2025-10-09","11:19","P1","Access Management","MFA","Corporate Network","Infrastructure","HR","Site B","Resolved","4.4","4","No","No","No","Critical","Access Control"
"INC-00344","2025-11-15","18:32","P2","Email & Collaboration","Mailbox","Endpoint Management","Network Team","Finance","Site A","Closed","7.9","8","Yes","Yes","No","High","User Error"
"INC-00345","2025-12-22","14:45","P3","Hardware","Desktop","Service Desk","Systems Administration","IT","Head Office","Open","10.35","24","Yes","No","No","Medium","Network Issue"
"INC-00346","2025-01-28","10:58","P3","Server & Infrastructure","Virtual Machine","ERP","Application Support","Project Management","Regional Office","In Progress","10.48","24","Yes","Yes","No","Medium","Capacity"
"INC-00347","2025-03-06","17:11","P3","Network","VPN","Business Applications","Cybersecurity","Administration","Remote","Resolved","11.4","24","Yes","Yes","No","Medium","Configuration"
"INC-00348","2025-04-12","13:24","P3","Security","Suspicious Activity","Virtual Infrastructure","Service Desk","Operations","Site B","Closed","13.3","24","Yes","No","No","Medium","Application Defect"
"INC-00349","2025-05-19","09:37","P3","Software","Installation","Email & Collaboration","Infrastructure","Engineering","Site A","Open","10.87","24","Yes","Yes","No","Medium","Unknown"
"INC-00350","2025-06-25","16:50","P3","Access Management","Permission","Active Directory","Network Team","Procurement","Head Office","In Progress","11","24","Yes","Yes","No","Medium","Hardware Failure"
"INC-00351","2025-08-01","12:03","P3","Email & Collaboration","Distribution List","Printing","Systems Administration","HR","Regional Office","Resolved","9","24","Yes","No","No","Medium","Access Control"
"INC-00352","2025-09-07","08:16","P3","Hardware","Laptop","File Services","Application Support","Finance","Remote","Closed","10.9","24","Yes","Yes","No","Medium","User Error"
"INC-00353","2025-10-14","15:29","P4","Server & Infrastructure","Storage","Corporate Network","Cybersecurity","IT","Site B","Open","11.39","48","Yes","Yes","No","Low","Network Issue"
"INC-00354","2025-11-20","11:42","P4","Network","DNS","Endpoint Management","Service Desk","Project Management","Site A","In Progress","11.52","48","Yes","No","No","Low","Capacity"
"INC-00355","2025-12-27","18:55","P4","Security","Phishing","Service Desk","Infrastructure","Administration","Head Office","Resolved","10.8","48","Yes","Yes","No","Low","Configuration"
"INC-00356","2025-02-02","14:08","P4","Software","Application Error","ERP","Network Team","Operations","Regional Office","Closed","13.9","48","Yes","Yes","No","Low","Application Defect"
"INC-00357","2025-03-11","10:21","P4","Access Management","Account Lockout","Business Applications","Systems Administration","Engineering","Remote","Open","11.91","48","Yes","Yes","No","Low","Unknown"
"INC-00358","2025-04-17","17:34","P2","Email & Collaboration","Teams","Virtual Infrastructure","Application Support","Procurement","Site B","In Progress","12.04","8","No","No","No","High","Hardware Failure"
"INC-00359","2025-05-24","13:47","P2","Hardware","Peripheral","Email & Collaboration","Cybersecurity","HR","Site A","Resolved","7","8","Yes","No","No","High","Access Control"
"INC-00360","2025-06-30","09:00","P3","Server & Infrastructure","Server Availability","Active Directory","Service Desk","Finance","Head Office","Closed","6.1","24","Yes","Yes","No","Medium","User Error"
"INC-00361","2025-08-06","16:13","P3","Network","Wi-Fi","Printing","Infrastructure","IT","Regional Office","Open","12.43","24","Yes","Yes","Yes","Medium","Network Issue"
"INC-00362","2025-09-12","12:26","P3","Security","Policy","File Services","Network Team","Project Management","Remote","In Progress","12.56","24","Yes","No","No","Medium","Capacity"
"INC-00363","2025-10-19","08:39","P3","Software","Licensing","Corporate Network","Systems Administration","Administration","Site B","Resolved","11.7","24","Yes","Yes","No","Medium","Configuration"
"INC-00364","2025-11-25","15:52","P3","Access Management","Password Reset","Endpoint Management","Application Support","Operations","Site A","Closed","13.5","24","Yes","No","No","Medium","Application Defect"
"INC-00365","2025-01-01","11:05","P3","Email & Collaboration","Calendar","Service Desk","Cybersecurity","Engineering","Head Office","Open","12.95","24","Yes","Yes","No","Medium","Unknown"
"INC-00366","2025-02-07","18:18","P3","Hardware","Printer","ERP","Service Desk","Procurement","Regional Office","In Progress","13.08","24","Yes","Yes","No","Medium","Hardware Failure"
"INC-00367","2025-03-16","14:31","P4","Server & Infrastructure","Backup","Business Applications","Infrastructure","HR","Remote","Resolved","15.1","48","Yes","No","No","Low","Access Control"
"INC-00368","2025-04-22","10:44","P4","Network","LAN","Virtual Infrastructure","Network Team","Finance","Site B","Closed","18.2","48","Yes","Yes","No","Low","User Error"
"INC-00369","2025-05-29","17:57","P4","Security","Endpoint Protection","Email & Collaboration","Systems Administration","IT","Site A","Open","13.47","48","Yes","Yes","No","Low","Network Issue"
"INC-00370","2025-07-05","13:10","P4","Software","Configuration","Active Directory","Application Support","Project Management","Head Office","In Progress","13.6","48","Yes","No","No","Low","Capacity"
"INC-00371","2025-08-11","09:23","P4","Access Management","MFA","Printing","Cybersecurity","Administration","Regional Office","Resolved","11.2","48","Yes","Yes","No","Low","Configuration"
"INC-00372","2025-09-17","16:36","P2","Email & Collaboration","Mailbox","File Services","Service Desk","Operations","Remote","Closed","4.3","8","Yes","No","No","High","Application Defect"
"INC-00373","2025-10-24","12:49","P2","Hardware","Desktop","Corporate Network","Infrastructure","Engineering","Site B","Open","13.99","8","No","Yes","No","High","Unknown"
"INC-00374","2025-11-30","08:02","P3","Server & Infrastructure","Virtual Machine","Endpoint Management","Network Team","Procurement","Site A","In Progress","14.12","24","Yes","Yes","No","Medium","Hardware Failure"
"INC-00375","2025-01-06","15:15","P3","Network","VPN","Service Desk","Systems Administration","HR","Head Office","Resolved","14.3","24","Yes","No","No","Medium","Access Control"
"INC-00376","2025-02-12","11:28","P3","Security","Suspicious Activity","ERP","Application Support","Finance","Regional Office","Closed","6.3","24","Yes","Yes","No","Medium","User Error"
"INC-00377","2025-03-21","18:41","P3","Software","Installation","Business Applications","Cybersecurity","IT","Remote","Open","14.51","24","Yes","Yes","No","Medium","Network Issue"
"INC-00378","2025-04-27","14:54","P3","Access Management","Permission","Virtual Infrastructure","Service Desk","Project Management","Site B","In Progress","14.64","24","Yes","No","No","Medium","Capacity"
"INC-00379","2025-06-03","10:07","P3","Email & Collaboration","Distribution List","Email & Collaboration","Infrastructure","Administration","Site A","Resolved","11.9","24","Yes","Yes","No","Medium","Configuration"
"INC-00380","2025-07-10","17:20","P3","Hardware","Laptop","Active Directory","Network Team","Operations","Head Office","Closed","13.8","24","Yes","Yes","No","Medium","Application Defect"
"INC-00381","2025-08-16","13:33","P4","Server & Infrastructure","Storage","Printing","Systems Administration","Engineering","Regional Office","Open","15.03","48","Yes","No","No","Low","Unknown"
"INC-00382","2025-09-22","09:46","P4","Network","DNS","File Services","Application Support","Procurement","Remote","In Progress","15.16","48","Yes","Yes","No","Low","Hardware Failure"
"INC-00383","2025-10-29","16:59","P4","Security","Phishing","Corporate Network","Cybersecurity","HR","Site B","Resolved","15.5","48","Yes","Yes","Yes","Low","Access Control"
"INC-00384","2025-12-05","12:12","P4","Software","Application Error","Endpoint Management","Service Desk","Finance","Site A","Closed","18.5","48","Yes","Yes","No","Low","User Error"
"INC-00385","2025-01-11","08:25","P4","Access Management","Account Lockout","Service Desk","Infrastructure","IT","Head Office","Open","15.55","48","Yes","Yes","No","Low","Network Issue"
"INC-00386","2025-02-17","15:38","P1","Email & Collaboration","Teams","ERP","Network Team","Project Management","Regional Office","In Progress","15.68","4","No","No","No","Critical","Capacity"
"INC-00387","2025-03-26","11:51","P2","Hardware","Peripheral","Business Applications","Systems Administration","Administration","Remote","Resolved","3.5","8","Yes","Yes","No","High","Configuration"
"INC-00388","2025-05-02","18:04","P3","Server & Infrastructure","Server Availability","Virtual Infrastructure","Application Support","Operations","Site B","Closed","8.9","24","Yes","Yes","No","Medium","Application Defect"
"INC-00389","2025-06-08","14:17","P3","Network","Wi-Fi","Email & Collaboration","Cybersecurity","Engineering","Site A","Open","16.07","24","Yes","No","No","Medium","Unknown"
"INC-00390","2025-07-15","10:30","P3","Security","Policy","Active Directory","Service Desk","Procurement","Head Office","In Progress","16.2","24","Yes","Yes","No","Medium","Hardware Failure"
"INC-00391","2025-08-21","17:43","P3","Software","Licensing","Printing","Infrastructure","HR","Regional Office","Resolved","14.5","24","Yes","No","No","Medium","Access Control"
"INC-00392","2025-09-27","13:56","P3","Access Management","Password Reset","File Services","Network Team","Finance","Remote","Closed","6.5","24","Yes","Yes","No","Medium","User Error"
"INC-00393","2025-11-03","09:09","P3","Email & Collaboration","Calendar","Corporate Network","Systems Administration","IT","Site B","Open","16.59","24","Yes","Yes","No","Medium","Network Issue"
"INC-00394","2025-12-10","16:22","P3","Hardware","Printer","Endpoint Management","Application Support","Project Management","Site A","In Progress","16.72","24","Yes","No","No","Medium","Capacity"
"INC-00395","2025-01-16","12:35","P4","Server & Infrastructure","Backup","Service Desk","Cybersecurity","Administration","Head Office","Resolved","19.8","48","Yes","Yes","No","Low","Configuration"
"INC-00396","2025-02-22","08:48","P4","Network","LAN","ERP","Service Desk","Operations","Regional Office","Closed","22.9","48","Yes","Yes","No","Low","Application Defect"
"INC-00397","2025-03-31","15:01","P4","Security","Endpoint Protection","Business Applications","Infrastructure","Engineering","Remote","Open","17.11","48","Yes","No","No","Low","Unknown"
"INC-00398","2025-05-07","11:14","P4","Software","Configuration","Virtual Infrastructure","Network Team","Procurement","Site B","In Progress","17.24","48","Yes","Yes","No","Low","Hardware Failure"
"INC-00399","2025-06-13","18:27","P4","Access Management","MFA","Email & Collaboration","Systems Administration","HR","Site A","Resolved","15.8","48","Yes","Yes","No","Low","Access Control"
"INC-00400","2025-07-20","14:40","P1","Email & Collaboration","Mailbox","Active Directory","Application Support","Finance","Head Office","Closed","3.7","4","Yes","Yes","Yes","Critical","User Error"
"INC-00401","2025-08-26","10:53","P2","Hardware","Desktop","Printing","Cybersecurity","IT","Regional Office","Open","17.63","8","No","No","No","High","Network Issue"
"INC-00402","2025-10-02","17:06","P2","Server & Infrastructure","Virtual Machine","File Services","Service Desk","Project Management","Remote","In Progress","17.76","8","No","No","No","High","Capacity"
"INC-00403","2025-11-08","13:19","P3","Network","VPN","Corporate Network","Infrastructure","Administration","Site B","Resolved","7.3","24","Yes","Yes","No","Medium","Configuration"
"INC-00404","2025-12-15","09:32","P3","Security","Suspicious Activity","Endpoint Management","Network Team","Operations","Site A","Closed","9.1","24","Yes","Yes","No","Medium","Application Defect"
"INC-00405","2025-01-21","16:45","P3","Software","Installation","Service Desk","Systems Administration","Engineering","Head Office","Open","0.65","24","Yes","No","Yes","Medium","Unknown"
"INC-00406","2025-02-27","12:58","P3","Access Management","Permission","ERP","Application Support","Procurement","Regional Office","In Progress","0.78","24","Yes","Yes","No","Medium","Hardware Failure"
"INC-00407","2025-04-05","08:11","P3","Email & Collaboration","Distribution List","Business Applications","Cybersecurity","HR","Remote","Resolved","14.7","24","Yes","Yes","No","Medium","Access Control"
"INC-00408","2025-05-12","15:24","P3","Hardware","Laptop","Virtual Infrastructure","Service Desk","Finance","Site B","Closed","6.7","24","Yes","No","No","Medium","User Error"
"INC-00409","2025-06-18","11:37","P3","Server & Infrastructure","Storage","Email & Collaboration","Infrastructure","IT","Site A","Open","1.17","24","Yes","Yes","No","Medium","Network Issue"
"INC-00410","2025-07-25","18:50","P4","Network","DNS","Active Directory","Network Team","Project Management","Head Office","In Progress","1.3","48","Yes","Yes","No","Low","Capacity"
"INC-00411","2025-08-31","14:03","P4","Security","Phishing","Printing","Systems Administration","Administration","Regional Office","Resolved","20.2","48","Yes","Yes","No","Low","Configuration"
"INC-00412","2025-10-07","10:16","P4","Software","Application Error","File Services","Application Support","Operations","Remote","Closed","23.2","48","Yes","Yes","No","Low","Application Defect"
"INC-00413","2025-11-13","17:29","P4","Access Management","Account Lockout","Corporate Network","Cybersecurity","Engineering","Site B","Open","1.69","48","Yes","No","No","Low","Unknown"
"INC-00414","2025-12-20","13:42","P4","Email & Collaboration","Teams","Endpoint Management","Service Desk","Procurement","Site A","In Progress","1.82","48","Yes","Yes","No","Low","Hardware Failure"
"INC-00415","2025-01-26","09:55","P2","Hardware","Peripheral","Service Desk","Infrastructure","HR","Head Office","Resolved","5","8","Yes","No","No","High","Access Control"
"INC-00416","2025-03-04","16:08","P2","Server & Infrastructure","Server Availability","ERP","Network Team","Finance","Regional Office","Closed","5.9","8","Yes","No","No","High","User Error"
"INC-00417","2025-04-10","12:21","P3","Network","Wi-Fi","Business Applications","Systems Administration","IT","Remote","Open","2.21","24","Yes","Yes","No","Medium","Network Issue"
"INC-00418","2025-05-17","08:34","P3","Security","Policy","Virtual Infrastructure","Application Support","Project Management","Site B","In Progress","2.34","24","Yes","No","No","Medium","Capacity"
"INC-00419","2025-06-23","15:47","P3","Software","Licensing","Email & Collaboration","Cybersecurity","Administration","Site A","Resolved","7.5","24","Yes","Yes","No","Medium","Configuration"
"INC-00420","2025-07-30","11:00","P3","Access Management","Password Reset","Active Directory","Service Desk","Operations","Head Office","Closed","9.4","24","Yes","Yes","No","Medium","Application Defect"
"INC-00421","2025-09-05","18:13","P3","Email & Collaboration","Calendar","Printing","Infrastructure","Engineering","Regional Office","Open","2.73","24","Yes","No","No","Medium","Unknown"
"INC-00422","2025-10-12","14:26","P3","Hardware","Printer","File Services","Network Team","Procurement","Remote","In Progress","2.86","24","Yes","Yes","Yes","Medium","Hardware Failure"
"INC-00423","2025-11-18","10:39","P3","Server & Infrastructure","Backup","Corporate Network","Systems Administration","HR","Site B","Resolved","15","24","Yes","Yes","No","Medium","Access Control"
"INC-00424","2025-12-25","17:52","P4","Network","LAN","Endpoint Management","Application Support","Finance","Site A","Closed","11.3","48","Yes","No","No","Low","User Error"
"INC-00425","2025-01-31","13:05","P4","Security","Endpoint Protection","Service Desk","Cybersecurity","IT","Head Office","Open","3.25","48","Yes","Yes","No","Low","Network Issue"
"INC-00426","2025-03-09","09:18","P4","Software","Configuration","ERP","Service Desk","Project Management","Regional Office","In Progress","3.38","48","Yes","Yes","No","Low","Capacity"
"INC-00427","2025-04-15","16:31","P4","Access Management","MFA","Business Applications","Infrastructure","Administration","Remote","Resolved","20.5","48","Yes","No","Yes","Low","Configuration"
"INC-00428","2025-05-22","12:44","P4","Email & Collaboration","Mailbox","Virtual Infrastructure","Network Team","Operations","Site B","Closed","23.6","48","Yes","Yes","No","Low","Application Defect"
"INC-00429","2025-06-28","08:57","P2","Hardware","Desktop","Email & Collaboration","Systems Administration","Engineering","Site A","Open","3.77","8","Yes","No","No","High","Unknown"
"INC-00430","2025-08-04","15:10","P2","Server & Infrastructure","Virtual Machine","Active Directory","Application Support","Procurement","Head Office","In Progress","3.9","8","Yes","Yes","No","High","Hardware Failure"
"INC-00431","2025-09-10","11:23","P3","Network","VPN","Printing","Cybersecurity","HR","Regional Office","Resolved","10.1","24","Yes","Yes","No","Medium","Access Control"
"INC-00432","2025-10-17","18:36","P3","Security","Suspicious Activity","File Services","Service Desk","Finance","Remote","Closed","12","24","Yes","No","No","Medium","User Error"
"INC-00433","2025-11-23","14:49","P3","Software","Installation","Corporate Network","Infrastructure","IT","Site B","Open","4.29","24","Yes","Yes","No","Medium","Network Issue"
"INC-00434","2025-12-30","10:02","P3","Access Management","Permission","Endpoint Management","Network Team","Project Management","Site A","In Progress","4.42","24","Yes","Yes","No","Medium","Capacity"
"INC-00435","2025-02-05","17:15","P3","Email & Collaboration","Distribution List","Service Desk","Systems Administration","Administration","Head Office","Resolved","7.7","24","Yes","No","No","Medium","Configuration"
"INC-00436","2025-03-14","13:28","P3","Hardware","Laptop","ERP","Application Support","Operations","Regional Office","Closed","9.6","24","Yes","Yes","No","Medium","Application Defect"
"INC-00437","2025-04-20","09:41","P3","Server & Infrastructure","Storage","Business Applications","Cybersecurity","Engineering","Remote","Open","4.81","24","Yes","No","No","Medium","Unknown"
"INC-00438","2025-05-27","16:54","P4","Network","DNS","Virtual Infrastructure","Service Desk","Procurement","Site B","In Progress","4.94","48","Yes","Yes","No","Low","Hardware Failure"
"INC-00439","2025-07-03","12:07","P4","Security","Phishing","Email & Collaboration","Infrastructure","HR","Site A","Resolved","24.8","48","Yes","Yes","No","Low","Access Control"
"INC-00440","2025-08-09","08:20","P4","Software","Application Error","Active Directory","Network Team","Finance","Head Office","Closed","11.7","48","Yes","No","No","Low","User Error"
"INC-00441","2025-09-15","15:33","P4","Access Management","Account Lockout","Printing","Systems Administration","IT","Regional Office","Open","5.33","48","Yes","Yes","No","Low","Network Issue"
"INC-00442","2025-10-22","11:46","P4","Email & Collaboration","Teams","File Services","Application Support","Project Management","Remote","In Progress","5.46","48","Yes","Yes","No","Low","Capacity"
"INC-00443","2025-11-28","18:59","P1","Hardware","Peripheral","Corporate Network","Cybersecurity","Administration","Site B","Resolved","4.1","4","No","No","No","Critical","Configuration"
"INC-00444","2025-01-04","14:12","P2","Server & Infrastructure","Server Availability","Endpoint Management","Service Desk","Operations","Site A","Closed","7.3","8","Yes","Yes","No","High","Application Defect"
"INC-00445","2025-02-10","10:25","P3","Network","Wi-Fi","Service Desk","Infrastructure","Engineering","Head Office","Open","5.85","24","Yes","No","No","Medium","Unknown"
"INC-00446","2025-03-19","17:38","P3","Security","Policy","ERP","Network Team","Procurement","Regional Office","In Progress","5.98","24","Yes","Yes","No","Medium","Hardware Failure"
"INC-00447","2025-04-25","13:51","P3","Software","Licensing","Business Applications","Systems Administration","HR","Remote","Resolved","10.3","24","Yes","Yes","No","Medium","Access Control"
"INC-00448","2025-06-01","09:04","P3","Access Management","Password Reset","Virtual Infrastructure","Application Support","Finance","Site B","Closed","12.2","24","Yes","No","No","Medium","User Error"
"INC-00449","2025-07-08","16:17","P3","Email & Collaboration","Calendar","Email & Collaboration","Cybersecurity","IT","Site A","Open","6.37","24","Yes","Yes","No","Medium","Network Issue"
"INC-00450","2025-08-14","12:30","P3","Hardware","Printer","Active Directory","Service Desk","Project Management","Head Office","In Progress","6.5","24","Yes","Yes","No","Medium","Capacity"
"INC-00451","2025-09-20","08:43","P3","Server & Infrastructure","Backup","Printing","Infrastructure","Administration","Regional Office","Resolved","7.9","24","Yes","No","No","Medium","Configuration"
"INC-00452","2025-10-27","15:56","P3","Network","LAN","File Services","Network Team","Operations","Remote","Closed","9.8","24","Yes","Yes","No","Medium","Application Defect"
"INC-00453","2025-12-03","11:09","P4","Security","Endpoint Protection","Corporate Network","Systems Administration","Engineering","Site B","Open","6.89","48","Yes","Yes","No","Low","Unknown"
"INC-00454","2025-01-09","18:22","P4","Software","Configuration","Endpoint Management","Application Support","Procurement","Site A","In Progress","7.02","48","Yes","No","No","Low","Hardware Failure"
"INC-00455","2025-02-15","14:35","P4","Access Management","MFA","Service Desk","Cybersecurity","HR","Head Office","Resolved","25.2","48","Yes","Yes","No","Low","Access Control"
"INC-00456","2025-03-24","10:48","P4","Email & Collaboration","Mailbox","ERP","Service Desk","Finance","Regional Office","Closed","12.1","48","Yes","Yes","No","Low","User Error"
"INC-00457","2025-04-30","17:01","P4","Hardware","Desktop","Business Applications","Infrastructure","IT","Remote","Open","7.41","48","Yes","Yes","No","Low","Network Issue"
"INC-00458","2025-06-06","13:14","P2","Server & Infrastructure","Virtual Machine","Virtual Infrastructure","Network Team","Project Management","Site B","In Progress","7.54","8","Yes","No","No","High","Capacity"
"INC-00459","2025-07-13","09:27","P2","Network","VPN","Email & Collaboration","Systems Administration","Administration","Site A","Resolved","6.5","8","Yes","No","No","High","Configuration"
"INC-00460","2025-08-19","16:40","P3","Security","Suspicious Activity","Active Directory","Application Support","Operations","Head Office","Closed","14.9","24","Yes","Yes","No","Medium","Application Defect"
"INC-00461","2025-09-25","12:53","P3","Software","Installation","Printing","Cybersecurity","Engineering","Regional Office","Open","7.93","24","Yes","Yes","Yes","Medium","Unknown"
"INC-00462","2025-11-01","08:06","P3","Access Management","Permission","File Services","Service Desk","Procurement","Remote","In Progress","8.06","24","Yes","No","No","Medium","Hardware Failure"
"INC-00463","2025-12-08","15:19","P3","Email & Collaboration","Distribution List","Corporate Network","Infrastructure","HR","Site B","Resolved","10.6","24","Yes","Yes","No","Medium","Access Control"
"INC-00464","2025-01-14","11:32","P3","Hardware","Laptop","Endpoint Management","Network Team","Finance","Site A","Closed","12.4","24","Yes","No","No","Medium","User Error"
"INC-00465","2025-02-20","18:45","P3","Server & Infrastructure","Storage","Service Desk","Systems Administration","IT","Head Office","Open","8.45","24","Yes","Yes","No","Medium","Network Issue"
"INC-00466","2025-03-29","14:58","P3","Network","DNS","ERP","Application Support","Project Management","Regional Office","In Progress","8.58","24","Yes","Yes","No","Medium","Capacity"
"INC-00467","2025-05-05","10:11","P4","Security","Phishing","Business Applications","Cybersecurity","Administration","Remote","Resolved","13.3","48","Yes","No","No","Low","Configuration"
"INC-00468","2025-06-11","17:24","P4","Software","Application Error","Virtual Infrastructure","Service Desk","Operations","Site B","Closed","16.4","48","Yes","Yes","No","Low","Application Defect"
"INC-00469","2025-07-18","13:37","P4","Access Management","Account Lockout","Email & Collaboration","Infrastructure","Engineering","Site A","Open","8.97","48","Yes","Yes","No","Low","Unknown"
"INC-00470","2025-08-24","09:50","P4","Email & Collaboration","Teams","Active Directory","Network Team","Procurement","Head Office","In Progress","9.1","48","Yes","No","No","Low","Hardware Failure"
"INC-00471","2025-09-30","16:03","P4","Hardware","Peripheral","Printing","Systems Administration","HR","Regional Office","Resolved","25.6","48","Yes","Yes","No","Low","Access Control"
"INC-00472","2025-11-06","12:16","P2","Server & Infrastructure","Server Availability","File Services","Application Support","Finance","Remote","Closed","3.8","8","Yes","No","No","High","User Error"
"INC-00473","2025-12-13","08:29","P2","Network","Wi-Fi","Corporate Network","Cybersecurity","IT","Site B","Open","9.49","8","No","Yes","No","High","Network Issue"
"INC-00474","2025-01-19","15:42","P3","Security","Policy","Endpoint Management","Service Desk","Project Management","Site A","In Progress","9.62","24","Yes","Yes","No","Medium","Capacity"
"INC-00475","2025-02-25","11:55","P3","Software","Licensing","Service Desk","Infrastructure","Administration","Head Office","Resolved","13.2","24","Yes","No","No","Medium","Configuration"
"INC-00476","2025-04-03","18:08","P3","Access Management","Password Reset","ERP","Network Team","Operations","Regional Office","Closed","15.1","24","Yes","Yes","No","Medium","Application Defect"
"INC-00477","2025-05-10","14:21","P3","Email & Collaboration","Calendar","Business Applications","Systems Administration","Engineering","Remote","Open","10.01","24","Yes","Yes","No","Medium","Unknown"
"INC-00478","2025-06-16","10:34","P3","Hardware","Printer","Virtual Infrastructure","Application Support","Procurement","Site B","In Progress","10.14","24","Yes","No","No","Medium","Hardware Failure"
"INC-00479","2025-07-23","17:47","P3","Server & Infrastructure","Backup","Email & Collaboration","Cybersecurity","HR","Site A","Resolved","10.8","24","Yes","Yes","No","Medium","Access Control"
"INC-00480","2025-08-29","13:00","P3","Network","LAN","Active Directory","Service Desk","Finance","Head Office","Closed","12.7","24","Yes","Yes","No","Medium","User Error"
"INC-00481","2025-10-05","09:13","P4","Security","Endpoint Protection","Printing","Infrastructure","IT","Regional Office","Open","10.53","48","Yes","No","No","Low","Network Issue"
"INC-00482","2025-11-11","16:26","P4","Software","Configuration","File Services","Network Team","Project Management","Remote","In Progress","10.66","48","Yes","Yes","No","Low","Capacity"
"INC-00483","2025-12-18","12:39","P4","Access Management","MFA","Corporate Network","Systems Administration","Administration","Site B","Resolved","13.7","48","Yes","Yes","Yes","Low","Configuration"
"INC-00484","2025-01-24","08:52","P4","Email & Collaboration","Mailbox","Endpoint Management","Application Support","Operations","Site A","Closed","16.7","48","Yes","Yes","No","Low","Application Defect"
"INC-00485","2025-03-02","15:05","P4","Hardware","Desktop","Service Desk","Cybersecurity","Engineering","Head Office","Open","11.05","48","Yes","Yes","No","Low","Unknown"
"INC-00486","2025-04-08","11:18","P1","Server & Infrastructure","Virtual Machine","ERP","Service Desk","Procurement","Regional Office","In Progress","11.18","4","No","No","No","Critical","Hardware Failure"
"INC-00487","2025-05-15","18:31","P2","Network","VPN","Business Applications","Infrastructure","HR","Remote","Resolved","7.9","8","Yes","Yes","No","High","Access Control"
"INC-00488","2025-06-21","14:44","P3","Security","Suspicious Activity","Virtual Infrastructure","Network Team","Finance","Site B","Closed","7.8","24","Yes","Yes","No","Medium","User Error"
"INC-00489","2025-07-28","10:57","P3","Software","Installation","Email & Collaboration","Systems Administration","IT","Site A","Open","11.57","24","Yes","No","No","Medium","Network Issue"
"INC-00490","2025-09-03","17:10","P3","Access Management","Permission","Active Directory","Application Support","Project Management","Head Office","In Progress","11.7","24","Yes","Yes","No","Medium","Capacity"
"INC-00491","2025-10-10","13:23","P3","Email & Collaboration","Distribution List","Printing","Cybersecurity","Administration","Regional Office","Resolved","13.4","24","Yes","No","No","Medium","Configuration"
"INC-00492","2025-11-16","09:36","P3","Hardware","Laptop","File Services","Service Desk","Operations","Remote","Closed","15.3","24","Yes","Yes","No","Medium","Application Defect"
"INC-00493","2025-12-23","16:49","P3","Server & Infrastructure","Storage","Corporate Network","Infrastructure","Engineering","Site B","Open","12.09","24","Yes","Yes","No","Medium","Unknown"
"INC-00494","2025-01-29","12:02","P3","Network","DNS","Endpoint Management","Network Team","Procurement","Site A","In Progress","12.22","24","Yes","No","No","Medium","Hardware Failure"
"INC-00495","2025-03-07","08:15","P4","Security","Phishing","Service Desk","Systems Administration","HR","Head Office","Resolved","18","48","Yes","Yes","No","Low","Access Control"
"INC-00496","2025-04-13","15:28","P4","Software","Application Error","ERP","Application Support","Finance","Regional Office","Closed","21.1","48","Yes","Yes","No","Low","User Error"
"INC-00497","2025-05-20","11:41","P4","Access Management","Account Lockout","Business Applications","Cybersecurity","IT","Remote","Open","12.61","48","Yes","No","No","Low","Network Issue"
"INC-00498","2025-06-26","18:54","P4","Email & Collaboration","Teams","Virtual Infrastructure","Service Desk","Project Management","Site B","In Progress","12.74","48","Yes","Yes","No","Low","Capacity"
"INC-00499","2025-08-02","14:07","P4","Hardware","Peripheral","Email & Collaboration","Infrastructure","Administration","Site A","Resolved","14","48","Yes","Yes","No","Low","Configuration"
"INC-00500","2025-09-08","10:20","P1","Server & Infrastructure","Server Availability","Active Directory","Network Team","Operations","Head Office","Closed","3.3","4","Yes","Yes","Yes","Critical","Application Defect"
"INC-00501","2025-10-15","17:33","P2","Network","Wi-Fi","Printing","Systems Administration","Engineering","Regional Office","Open","13.13","8","No","No","No","High","Unknown"
"INC-00502","2025-11-21","13:46","P2","Security","Policy","File Services","Application Support","Procurement","Remote","In Progress","13.26","8","No","No","No","High","Hardware Failure"
"INC-00503","2025-12-28","09:59","P3","Software","Licensing","Corporate Network","Cybersecurity","HR","Site B","Resolved","6.2","24","Yes","Yes","No","Medium","Access Control"
"INC-00504","2025-02-03","16:12","P3","Access Management","Password Reset","Endpoint Management","Service Desk","Finance","Site A","Closed","8","24","Yes","Yes","No","Medium","User Error"
"INC-00505","2025-03-12","12:25","P3","Email & Collaboration","Calendar","Service Desk","Infrastructure","IT","Head Office","Open","13.65","24","Yes","No","Yes","Medium","Network Issue"
"INC-00506","2025-04-18","08:38","P3","Hardware","Printer","ERP","Network Team","Project Management","Regional Office","In Progress","13.78","24","Yes","Yes","No","Medium","Capacity"
"INC-00507","2025-05-25","15:51","P3","Server & Infrastructure","Backup","Business Applications","Systems Administration","Administration","Remote","Resolved","13.6","24","Yes","Yes","No","Medium","Configuration"
"INC-00508","2025-07-01","11:04","P3","Network","LAN","Virtual Infrastructure","Application Support","Operations","Site B","Closed","15.5","24","Yes","No","No","Medium","Application Defect"
"INC-00509","2025-08-07","18:17","P3","Security","Endpoint Protection","Email & Collaboration","Cybersecurity","Engineering","Site A","Open","14.17","24","Yes","Yes","No","Medium","Unknown"
"INC-00510","2025-09-13","14:30","P4","Software","Configuration","Active Directory","Service Desk","Procurement","Head Office","In Progress","14.3","48","Yes","Yes","No","Low","Hardware Failure"
"INC-00511","2025-10-20","10:43","P4","Access Management","MFA","Printing","Infrastructure","HR","Regional Office","Resolved","18.4","48","Yes","Yes","No","Low","Access Control"
"INC-00512","2025-11-26","17:56","P4","Email & Collaboration","Mailbox","File Services","Network Team","Finance","Remote","Closed","21.4","48","Yes","Yes","No","Low","User Error"
"INC-00513","2025-01-02","13:09","P4","Hardware","Desktop","Corporate Network","Systems Administration","IT","Site B","Open","14.69","48","Yes","No","No","Low","Network Issue"
"INC-00514","2025-02-08","09:22","P4","Server & Infrastructure","Virtual Machine","Endpoint Management","Application Support","Project Management","Site A","In Progress","14.82","48","Yes","Yes","No","Low","Capacity"
"INC-00515","2025-03-17","16:35","P2","Network","VPN","Service Desk","Cybersecurity","Administration","Head Office","Resolved","4.4","8","Yes","No","No","High","Configuration"
"INC-00516","2025-04-23","12:48","P2","Security","Suspicious Activity","ERP","Service Desk","Operations","Regional Office","Closed","5.3","8","Yes","No","No","High","Application Defect"
"INC-00517","2025-05-30","08:01","P3","Software","Installation","Business Applications","Infrastructure","Engineering","Remote","Open","15.21","24","Yes","Yes","No","Medium","Unknown"
"INC-00518","2025-07-06","15:14","P3","Access Management","Permission","Virtual Infrastructure","Network Team","Procurement","Site B","In Progress","15.34","24","Yes","No","No","Medium","Hardware Failure"
"INC-00519","2025-08-12","11:27","P3","Email & Collaboration","Distribution List","Email & Collaboration","Systems Administration","HR","Site A","Resolved","6.4","24","Yes","Yes","No","Medium","Access Control"
"INC-00520","2025-09-18","18:40","P3","Hardware","Laptop","Active Directory","Application Support","Finance","Head Office","Closed","8.3","24","Yes","Yes","No","Medium","User Error"
"INC-00521","2025-10-25","14:53","P3","Server & Infrastructure","Storage","Printing","Cybersecurity","IT","Regional Office","Open","15.73","24","Yes","No","No","Medium","Network Issue"
"INC-00522","2025-12-01","10:06","P3","Network","DNS","File Services","Service Desk","Project Management","Remote","In Progress","15.86","24","Yes","Yes","Yes","Medium","Capacity"
"INC-00523","2025-01-07","17:19","P3","Security","Phishing","Corporate Network","Infrastructure","Administration","Site B","Resolved","13.9","24","Yes","Yes","No","Medium","Configuration"
"INC-00524","2025-02-13","13:32","P4","Software","Application Error","Endpoint Management","Network Team","Operations","Site A","Closed","25.7","48","Yes","No","No","Low","Application Defect"
"INC-00525","2025-03-22","09:45","P4","Access Management","Account Lockout","Service Desk","Systems Administration","Engineering","Head Office","Open","16.25","48","Yes","Yes","No","Low","Unknown"
"INC-00526","2025-04-28","16:58","P4","Email & Collaboration","Teams","ERP","Application Support","Procurement","Regional Office","In Progress","16.38","48","Yes","Yes","No","Low","Hardware Failure"
"INC-00527","2025-06-04","12:11","P4","Hardware","Peripheral","Business Applications","Cybersecurity","HR","Remote","Resolved","18.7","48","Yes","No","Yes","Low","Access Control"
"INC-00528","2025-07-11","08:24","P4","Server & Infrastructure","Server Availability","Virtual Infrastructure","Service Desk","Finance","Site B","Closed","21.8","48","Yes","Yes","No","Low","User Error"
"INC-00529","2025-08-17","15:37","P2","Network","Wi-Fi","Email & Collaboration","Infrastructure","IT","Site A","Open","16.77","8","No","No","No","High","Network Issue"
"INC-00530","2025-09-23","11:50","P2","Security","Policy","Active Directory","Network Team","Project Management","Head Office","In Progress","16.9","8","No","Yes","No","High","Capacity"
"INC-00531","2025-10-30","18:03","P3","Software","Licensing","Printing","Systems Administration","Administration","Regional Office","Resolved","9","24","Yes","Yes","No","Medium","Configuration"
"INC-00532","2025-12-06","14:16","P3","Access Management","Password Reset","File Services","Application Support","Operations","Remote","Closed","10.9","24","Yes","No","No","Medium","Application Defect"
"INC-00533","2025-01-12","10:29","P3","Email & Collaboration","Calendar","Corporate Network","Cybersecurity","Engineering","Site B","Open","17.29","24","Yes","Yes","No","Medium","Unknown"
"INC-00534","2025-02-18","17:42","P3","Hardware","Printer","Endpoint Management","Service Desk","Procurement","Site A","In Progress","17.42","24","Yes","Yes","No","Medium","Hardware Failure"
"INC-00535","2025-03-27","13:55","P3","Server & Infrastructure","Backup","Service Desk","Infrastructure","HR","Head Office","Resolved","6.6","24","Yes","No","No","Medium","Access Control"
"INC-00536","2025-05-03","09:08","P3","Network","LAN","ERP","Network Team","Finance","Regional Office","Closed","8.5","24","Yes","Yes","No","Medium","User Error"
"INC-00537","2025-06-09","16:21","P3","Security","Endpoint Protection","Business Applications","Systems Administration","IT","Remote","Open","17.81","24","Yes","No","No","Medium","Network Issue"
"INC-00538","2025-07-16","12:34","P4","Software","Configuration","Virtual Infrastructure","Application Support","Project Management","Site B","In Progress","17.94","48","Yes","Yes","No","Low","Capacity"
"INC-00539","2025-08-22","08:47","P4","Access Management","MFA","Email & Collaboration","Cybersecurity","Administration","Site A","Resolved","23","48","Yes","Yes","No","Low","Configuration"
"INC-00540","2025-09-28","15:00","P4","Email & Collaboration","Mailbox","Active Directory","Service Desk","Operations","Head Office","Closed","9.9","48","Yes","No","No","Low","Application Defect"
"INC-00541","2025-11-04","11:13","P4","Hardware","Desktop","Printing","Infrastructure","Engineering","Regional Office","Open","0.83","48","Yes","Yes","No","Low","Unknown"
"INC-00542","2025-12-11","18:26","P4","Server & Infrastructure","Virtual Machine","File Services","Network Team","Procurement","Remote","In Progress","0.96","48","Yes","Yes","No","Low","Hardware Failure"
"INC-00543","2025-01-17","14:39","P1","Network","VPN","Corporate Network","Systems Administration","HR","Site B","Resolved","3.7","4","Yes","No","No","Critical","Access Control"
"INC-00544","2025-02-23","10:52","P2","Security","Suspicious Activity","Endpoint Management","Application Support","Finance","Site A","Closed","6.8","8","Yes","Yes","No","High","User Error"
"INC-00545","2025-04-01","17:05","P3","Software","Installation","Service Desk","Cybersecurity","IT","Head Office","Open","1.35","24","Yes","No","No","Medium","Network Issue"
"INC-00546","2025-05-08","13:18","P3","Access Management","Permission","ERP","Service Desk","Project Management","Regional Office","In Progress","1.48","24","Yes","Yes","No","Medium","Capacity"
"INC-00547","2025-06-14","09:31","P3","Email & Collaboration","Distribution List","Business Applications","Infrastructure","Administration","Remote","Resolved","9.2","24","Yes","Yes","No","Medium","Configuration"
"INC-00548","2025-07-21","16:44","P3","Hardware","Laptop","Virtual Infrastructure","Network Team","Operations","Site B","Closed","11.1","24","Yes","No","No","Medium","Application Defect"
"INC-00549","2025-08-27","12:57","P3","Server & Infrastructure","Storage","Email & Collaboration","Systems Administration","Engineering","Site A","Open","1.87","24","Yes","Yes","No","Medium","Unknown"
"INC-00550","2025-10-03","08:10","P3","Network","DNS","Active Directory","Application Support","Procurement","Head Office","In Progress","2","24","Yes","Yes","No","Medium","Hardware Failure"
"INC-00551","2025-11-09","15:23","P3","Security","Phishing","Printing","Cybersecurity","HR","Regional Office","Resolved","6.8","24","Yes","No","No","Medium","Access Control"
"INC-00552","2025-12-16","11:36","P3","Software","Application Error","File Services","Service Desk","Finance","Remote","Closed","8.7","24","Yes","Yes","No","Medium","User Error"
"INC-00553","2025-01-22","18:49","P4","Access Management","Account Lockout","Corporate Network","Infrastructure","IT","Site B","Open","2.39","48","Yes","Yes","No","Low","Network Issue"
"INC-00554","2025-02-28","14:02","P4","Email & Collaboration","Teams","Endpoint Management","Network Team","Project Management","Site A","In Progress","2.52","48","Yes","No","No","Low","Capacity"
"INC-00555","2025-04-06","10:15","P4","Hardware","Peripheral","Service Desk","Systems Administration","Administration","Head Office","Resolved","23.4","48","Yes","Yes","No","Low","Configuration"
"INC-00556","2025-05-13","17:28","P4","Server & Infrastructure","Server Availability","ERP","Application Support","Operations","Regional Office","Closed","10.3","48","Yes","Yes","No","Low","Application Defect"
"INC-00557","2025-06-19","13:41","P4","Network","Wi-Fi","Business Applications","Cybersecurity","Engineering","Remote","Open","2.91","48","Yes","Yes","No","Low","Unknown"
"INC-00558","2025-07-26","09:54","P2","Security","Policy","Virtual Infrastructure","Service Desk","Procurement","Site B","In Progress","3.04","8","Yes","No","No","High","Hardware Failure"
"INC-00559","2025-09-01","16:07","P2","Software","Licensing","Email & Collaboration","Infrastructure","HR","Site A","Resolved","5.9","8","Yes","No","No","High","Access Control"
"INC-00560","2025-10-08","12:20","P3","Access Management","Password Reset","Active Directory","Network Team","Finance","Head Office","Closed","13.8","24","Yes","Yes","No","Medium","User Error"
"INC-00561","2025-11-14","08:33","P3","Email & Collaboration","Calendar","Printing","Systems Administration","IT","Regional Office","Open","3.43","24","Yes","Yes","Yes","Medium","Network Issue"
"INC-00562","2025-12-21","15:46","P3","Hardware","Printer","File Services","Application Support","Project Management","Remote","In Progress","3.56","24","Yes","No","No","Medium","Capacity"
"INC-00563","2025-01-27","11:59","P3","Server & Infrastructure","Backup","Corporate Network","Cybersecurity","Administration","Site B","Resolved","9.5","24","Yes","Yes","No","Medium","Configuration"
"INC-00564","2025-03-05","18:12","P3","Network","LAN","Endpoint Management","Service Desk","Operations","Site A","Closed","11.3","24","Yes","No","No","Medium","Application Defect"
"INC-00565","2025-04-11","14:25","P3","Security","Endpoint Protection","Service Desk","Infrastructure","Engineering","Head Office","Open","3.95","24","Yes","Yes","No","Medium","Unknown"
"INC-00566","2025-05-18","10:38","P3","Software","Configuration","ERP","Network Team","Procurement","Regional Office","In Progress","4.08","24","Yes","Yes","No","Medium","Hardware Failure"
"INC-00567","2025-06-24","17:51","P4","Access Management","MFA","Business Applications","Systems Administration","HR","Remote","Resolved","11.5","48","Yes","No","No","Low","Access Control"
"INC-00568","2025-07-31","13:04","P4","Email & Collaboration","Mailbox","Virtual Infrastructure","Application Support","Finance","Site B","Closed","14.6","48","Yes","Yes","No","Low","User Error"
"INC-00569","2025-09-06","09:17","P4","Hardware","Desktop","Email & Collaboration","Cybersecurity","IT","Site A","Open","4.47","48","Yes","Yes","No","Low","Network Issue"
"INC-00570","2025-10-13","16:30","P4","Server & Infrastructure","Virtual Machine","Active Directory","Service Desk","Project Management","Head Office","In Progress","4.6","48","Yes","No","No","Low","Capacity"
"INC-00571","2025-11-19","12:43","P4","Network","VPN","Printing","Infrastructure","Administration","Regional Office","Resolved","23.8","48","Yes","Yes","No","Low","Configuration"
"INC-00572","2025-12-26","08:56","P2","Security","Suspicious Activity","File Services","Network Team","Operations","Remote","Closed","3.2","8","Yes","No","No","High","Application Defect"
"INC-00573","2025-02-01","15:09","P2","Software","Installation","Corporate Network","Systems Administration","Engineering","Site B","Open","4.99","8","Yes","Yes","No","High","Unknown"
"INC-00574","2025-03-10","11:22","P3","Access Management","Permission","Endpoint Management","Application Support","Procurement","Site A","In Progress","5.12","24","Yes","Yes","No","Medium","Hardware Failure"
"INC-00575","2025-04-16","18:35","P3","Email & Collaboration","Distribution List","Service Desk","Cybersecurity","HR","Head Office","Resolved","12.1","24","Yes","No","No","Medium","Access Control"
"INC-00576","2025-05-23","14:48","P3","Hardware","Laptop","ERP","Service Desk","Finance","Regional Office","Closed","14","24","Yes","Yes","No","Medium","User Error"
"INC-00577","2025-06-29","10:01","P3","Server & Infrastructure","Storage","Business Applications","Infrastructure","IT","Remote","Open","5.51","24","Yes","Yes","No","Medium","Network Issue"
"INC-00578","2025-08-05","17:14","P3","Network","DNS","Virtual Infrastructure","Network Team","Project Management","Site B","In Progress","5.64","24","Yes","No","No","Medium","Capacity"
"INC-00579","2025-09-11","13:27","P3","Security","Phishing","Email & Collaboration","Systems Administration","Administration","Site A","Resolved","9.7","24","Yes","Yes","No","Medium","Configuration"
"INC-00580","2025-10-18","09:40","P3","Software","Application Error","Active Directory","Application Support","Operations","Head Office","Closed","11.6","24","Yes","Yes","No","Medium","Application Defect"
"INC-00581","2025-11-24","16:53","P4","Access Management","Account Lockout","Printing","Cybersecurity","Engineering","Regional Office","Open","6.03","48","Yes","No","No","Low","Unknown"
"INC-00582","2025-12-31","12:06","P4","Email & Collaboration","Teams","File Services","Service Desk","Procurement","Remote","In Progress","6.16","48","Yes","Yes","No","Low","Hardware Failure"
"INC-00583","2025-02-06","08:19","P4","Hardware","Peripheral","Corporate Network","Infrastructure","HR","Site B","Resolved","11.9","48","Yes","Yes","Yes","Low","Access Control"
"INC-00584","2025-03-15","15:32","P4","Server & Infrastructure","Server Availability","Endpoint Management","Network Team","Finance","Site A","Closed","14.9","48","Yes","Yes","No","Low","User Error"
"INC-00585","2025-04-21","11:45","P4","Network","Wi-Fi","Service Desk","Systems Administration","IT","Head Office","Open","6.55","48","Yes","Yes","No","Low","Network Issue"
"INC-00586","2025-05-28","18:58","P1","Security","Policy","ERP","Application Support","Project Management","Regional Office","In Progress","6.68","4","No","No","No","Critical","Capacity"
"INC-00587","2025-07-04","14:11","P2","Software","Licensing","Business Applications","Cybersecurity","Administration","Remote","Resolved","7.4","8","Yes","Yes","No","High","Configuration"
"INC-00588","2025-08-10","10:24","P3","Access Management","Password Reset","Virtual Infrastructure","Service Desk","Operations","Site B","Closed","6.7","24","Yes","Yes","No","Medium","Application Defect"
"INC-00589","2025-09-16","17:37","P3","Email & Collaboration","Calendar","Email & Collaboration","Infrastructure","Engineering","Site A","Open","7.07","24","Yes","No","No","Medium","Unknown"
"INC-00590","2025-10-23","13:50","P3","Hardware","Printer","Active Directory","Network Team","Procurement","Head Office","In Progress","7.2","24","Yes","Yes","No","Medium","Hardware Failure"
"INC-00591","2025-11-29","09:03","P3","Server & Infrastructure","Backup","Printing","Systems Administration","HR","Regional Office","Resolved","12.3","24","Yes","No","No","Medium","Access Control"
"INC-00592","2025-01-05","16:16","P3","Network","LAN","File Services","Application Support","Finance","Remote","Closed","14.2","24","Yes","Yes","No","Medium","User Error"
"INC-00593","2025-02-11","12:29","P3","Security","Endpoint Protection","Corporate Network","Cybersecurity","IT","Site B","Open","7.59","24","Yes","Yes","No","Medium","Network Issue"
"INC-00594","2025-03-20","08:42","P3","Software","Configuration","Endpoint Management","Service Desk","Project Management","Site A","In Progress","7.72","24","Yes","No","No","Medium","Capacity"
"INC-00595","2025-04-26","15:55","P4","Access Management","MFA","Service Desk","Infrastructure","Administration","Head Office","Resolved","16.2","48","Yes","Yes","No","Low","Configuration"
"INC-00596","2025-06-02","11:08","P4","Email & Collaboration","Mailbox","ERP","Network Team","Operations","Regional Office","Closed","19.3","48","Yes","Yes","No","Low","Application Defect"
"INC-00597","2025-07-09","18:21","P4","Hardware","Desktop","Business Applications","Systems Administration","Engineering","Remote","Open","8.11","48","Yes","No","No","Low","Unknown"
"INC-00598","2025-08-15","14:34","P4","Server & Infrastructure","Virtual Machine","Virtual Infrastructure","Application Support","Procurement","Site B","In Progress","8.24","48","Yes","Yes","No","Low","Hardware Failure"
"INC-00599","2025-09-21","10:47","P4","Network","VPN","Email & Collaboration","Cybersecurity","HR","Site A","Resolved","12.2","48","Yes","Yes","No","Low","Access Control"
"INC-00600","2025-10-28","17:00","P1","Security","Suspicious Activity","Active Directory","Service Desk","Finance","Head Office","Closed","3","4","Yes","Yes","Yes","Critical","User Error"
"INC-00601","2025-12-04","13:13","P2","Software","Installation","Printing","Infrastructure","IT","Regional Office","Open","8.63","8","No","No","No","High","Network Issue"
"INC-00602","2025-01-10","09:26","P2","Access Management","Permission","File Services","Network Team","Project Management","Remote","In Progress","8.76","8","No","No","No","High","Capacity"
"INC-00603","2025-02-16","16:39","P3","Email & Collaboration","Distribution List","Corporate Network","Systems Administration","Administration","Site B","Resolved","15","24","Yes","Yes","No","Medium","Configuration"
"INC-00604","2025-03-25","12:52","P3","Hardware","Laptop","Endpoint Management","Application Support","Operations","Site A","Closed","6.9","24","Yes","Yes","No","Medium","Application Defect"
"INC-00605","2025-05-01","08:05","P3","Server & Infrastructure","Storage","Service Desk","Cybersecurity","Engineering","Head Office","Open","9.15","24","Yes","No","Yes","Medium","Unknown"
"INC-00606","2025-06-07","15:18","P3","Network","DNS","ERP","Service Desk","Procurement","Regional Office","In Progress","9.28","24","Yes","Yes","No","Medium","Hardware Failure"
"INC-00607","2025-07-14","11:31","P3","Security","Phishing","Business Applications","Infrastructure","HR","Remote","Resolved","12.5","24","Yes","Yes","No","Medium","Access Control"
"INC-00608","2025-08-20","18:44","P3","Software","Application Error","Virtual Infrastructure","Network Team","Finance","Site B","Closed","14.4","24","Yes","No","No","Medium","User Error"
"INC-00609","2025-09-26","14:57","P3","Access Management","Account Lockout","Email & Collaboration","Systems Administration","IT","Site A","Open","9.67","24","Yes","Yes","No","Medium","Network Issue"
"INC-00610","2025-11-02","10:10","P4","Email & Collaboration","Teams","Active Directory","Application Support","Project Management","Head Office","In Progress","9.8","48","Yes","Yes","No","Low","Capacity"
"INC-00611","2025-12-09","17:23","P4","Hardware","Peripheral","Printing","Cybersecurity","Administration","Regional Office","Resolved","16.6","48","Yes","Yes","No","Low","Configuration"
"INC-00612","2025-01-15","13:36","P4","Server & Infrastructure","Server Availability","File Services","Service Desk","Operations","Remote","Closed","19.6","48","Yes","Yes","No","Low","Application Defect"
"INC-00613","2025-02-21","09:49","P4","Network","Wi-Fi","Corporate Network","Infrastructure","Engineering","Site B","Open","10.19","48","Yes","No","No","Low","Unknown"
"INC-00614","2025-03-30","16:02","P4","Security","Policy","Endpoint Management","Network Team","Procurement","Site A","In Progress","10.32","48","Yes","Yes","No","Low","Hardware Failure"
"INC-00615","2025-05-06","12:15","P2","Software","Licensing","Service Desk","Systems Administration","HR","Head Office","Resolved","3.9","8","Yes","No","No","High","Access Control"
"INC-00616","2025-06-12","08:28","P2","Access Management","Password Reset","ERP","Application Support","Finance","Regional Office","Closed","4.8","8","Yes","No","No","High","User Error"
"INC-00617","2025-07-19","15:41","P3","Email & Collaboration","Calendar","Business Applications","Cybersecurity","IT","Remote","Open","10.71","24","Yes","Yes","No","Medium","Network Issue"
"INC-00618","2025-08-25","11:54","P3","Hardware","Printer","Virtual Infrastructure","Service Desk","Project Management","Site B","In Progress","10.84","24","Yes","No","No","Medium","Capacity"
"INC-00619","2025-10-01","18:07","P3","Server & Infrastructure","Backup","Email & Collaboration","Infrastructure","Administration","Site A","Resolved","15.2","24","Yes","Yes","No","Medium","Configuration"
"INC-00620","2025-11-07","14:20","P3","Network","LAN","Active Directory","Network Team","Operations","Head Office","Closed","7.2","24","Yes","Yes","No","Medium","Application Defect"
"INC-00621","2025-12-14","10:33","P3","Security","Endpoint Protection","Printing","Systems Administration","Engineering","Regional Office","Open","11.23","24","Yes","No","No","Medium","Unknown"
"INC-00622","2025-01-20","17:46","P3","Software","Configuration","File Services","Application Support","Procurement","Remote","In Progress","11.36","24","Yes","Yes","Yes","Medium","Hardware Failure"
"INC-00623","2025-02-26","13:59","P3","Access Management","MFA","Corporate Network","Cybersecurity","HR","Site B","Resolved","12.8","24","Yes","Yes","No","Medium","Access Control"
"INC-00624","2025-04-04","09:12","P4","Email & Collaboration","Mailbox","Endpoint Management","Service Desk","Finance","Site A","Closed","23.9","48","Yes","No","No","Low","User Error"
"INC-00625","2025-05-11","16:25","P4","Hardware","Desktop","Service Desk","Infrastructure","IT","Head Office","Open","11.75","48","Yes","Yes","No","Low","Network Issue"
"INC-00626","2025-06-17","12:38","P4","Server & Infrastructure","Virtual Machine","ERP","Network Team","Project Management","Regional Office","In Progress","11.88","48","Yes","Yes","No","Low","Capacity"
"INC-00627","2025-07-24","08:51","P4","Network","VPN","Business Applications","Systems Administration","Administration","Remote","Resolved","16.9","48","Yes","No","Yes","Low","Configuration"
"INC-00628","2025-08-30","15:04","P4","Security","Suspicious Activity","Virtual Infrastructure","Application Support","Operations","Site B","Closed","20","48","Yes","Yes","No","Low","Application Defect"
"INC-00629","2025-10-06","11:17","P2","Software","Installation","Email & Collaboration","Cybersecurity","Engineering","Site A","Open","12.27","8","No","No","No","High","Unknown"
"INC-00630","2025-11-12","18:30","P2","Access Management","Permission","Active Directory","Service Desk","Procurement","Head Office","In Progress","12.4","8","No","Yes","No","High","Hardware Failure"
"INC-00631","2025-12-19","14:43","P3","Email & Collaboration","Distribution List","Printing","Infrastructure","HR","Regional Office","Resolved","7.9","24","Yes","Yes","No","Medium","Access Control"
"INC-00632","2025-01-25","10:56","P3","Hardware","Laptop","File Services","Network Team","Finance","Remote","Closed","9.8","24","Yes","No","No","Medium","User Error"
"INC-00633","2025-03-03","17:09","P3","Server & Infrastructure","Storage","Corporate Network","Systems Administration","IT","Site B","Open","12.79","24","Yes","Yes","No","Medium","Network Issue"
"INC-00634","2025-04-09","13:22","P3","Network","DNS","Endpoint Management","Application Support","Project Management","Site A","In Progress","12.92","24","Yes","Yes","No","Medium","Capacity"
"INC-00635","2025-05-16","09:35","P3","Security","Phishing","Service Desk","Cybersecurity","Administration","Head Office","Resolved","15.4","24","Yes","No","No","Medium","Configuration"
"INC-00636","2025-06-22","16:48","P3","Software","Application Error","ERP","Service Desk","Operations","Regional Office","Closed","7.4","24","Yes","Yes","No","Medium","Application Defect"
"INC-00637","2025-07-29","12:01","P3","Access Management","Account Lockout","Business Applications","Infrastructure","Engineering","Remote","Open","13.31","24","Yes","No","No","Medium","Unknown"
"INC-00638","2025-09-04","08:14","P4","Email & Collaboration","Teams","Virtual Infrastructure","Network Team","Procurement","Site B","In Progress","13.44","48","Yes","Yes","No","Low","Hardware Failure"
"INC-00639","2025-10-11","15:27","P4","Hardware","Peripheral","Email & Collaboration","Systems Administration","HR","Site A","Resolved","21.2","48","Yes","Yes","No","Low","Access Control"
"INC-00640","2025-11-17","11:40","P4","Server & Infrastructure","Server Availability","Active Directory","Application Support","Finance","Head Office","Closed","24.3","48","Yes","No","No","Low","User Error"
"INC-00641","2025-12-24","18:53","P4","Network","Wi-Fi","Printing","Cybersecurity","IT","Regional Office","Open","13.83","48","Yes","Yes","No","Low","Network Issue"
"INC-00642","2025-01-30","14:06","P4","Security","Policy","File Services","Service Desk","Project Management","Remote","In Progress","13.96","48","Yes","Yes","No","Low","Capacity"
"INC-00643","2025-03-08","10:19","P1","Software","Licensing","Corporate Network","Infrastructure","Administration","Site B","Resolved","3.4","4","Yes","No","No","Critical","Configuration"
"INC-00644","2025-04-14","17:32","P2","Access Management","Password Reset","Endpoint Management","Network Team","Operations","Site A","Closed","6.2","8","Yes","Yes","No","High","Application Defect"
"INC-00645","2025-05-21","13:45","P3","Email & Collaboration","Calendar","Service Desk","Systems Administration","Engineering","Head Office","Open","14.35","24","Yes","No","No","Medium","Unknown"
"INC-00646","2025-06-27","09:58","P3","Hardware","Printer","ERP","Application Support","Procurement","Regional Office","In Progress","14.48","24","Yes","Yes","No","Medium","Hardware Failure"
"INC-00647","2025-08-03","16:11","P3","Server & Infrastructure","Backup","Business Applications","Cybersecurity","HR","Remote","Resolved","8.1","24","Yes","Yes","No","Medium","Access Control"
"INC-00648","2025-09-09","12:24","P3","Network","LAN","Virtual Infrastructure","Service Desk","Finance","Site B","Closed","10","24","Yes","No","No","Medium","User Error"
"INC-00649","2025-10-16","08:37","P3","Security","Endpoint Protection","Email & Collaboration","Infrastructure","IT","Site A","Open","14.87","24","Yes","Yes","No","Medium","Network Issue"
"INC-00650","2025-11-22","15:50","P3","Software","Configuration","Active Directory","Network Team","Project Management","Head Office","In Progress","15","24","Yes","Yes","No","Medium","Capacity"
"INC-00651","2025-12-29","11:03","P3","Access Management","MFA","Printing","Systems Administration","Administration","Regional Office","Resolved","15.6","24","Yes","No","No","Medium","Configuration"
"INC-00652","2025-02-04","18:16","P3","Email & Collaboration","Mailbox","File Services","Application Support","Operations","Remote","Closed","7.6","24","Yes","Yes","No","Medium","Application Defect"
"INC-00653","2025-03-13","14:29","P4","Hardware","Desktop","Corporate Network","Cybersecurity","Engineering","Site B","Open","15.39","48","Yes","Yes","No","Low","Unknown"
"INC-00654","2025-04-19","10:42","P4","Server & Infrastructure","Virtual Machine","Endpoint Management","Service Desk","Procurement","Site A","In Progress","15.52","48","Yes","No","No","Low","Hardware Failure"
"INC-00655","2025-05-26","17:55","P4","Network","VPN","Service Desk","Infrastructure","HR","Head Office","Resolved","21.6","48","Yes","Yes","No","Low","Access Control"
"INC-00656","2025-07-02","13:08","P4","Security","Suspicious Activity","ERP","Network Team","Finance","Regional Office","Closed","24.7","48","Yes","Yes","No","Low","User Error"
"INC-00657","2025-08-08","09:21","P4","Software","Installation","Business Applications","Systems Administration","IT","Remote","Open","15.91","48","Yes","Yes","No","Low","Network Issue"
"INC-00658","2025-09-14","16:34","P2","Access Management","Permission","Virtual Infrastructure","Application Support","Project Management","Site B","In Progress","16.04","8","No","No","No","High","Capacity"
"INC-00659","2025-10-21","12:47","P2","Email & Collaboration","Distribution List","Email & Collaboration","Cybersecurity","Administration","Site A","Resolved","5.4","8","Yes","No","No","High","Configuration"
"INC-00660","2025-11-27","08:00","P3","Hardware","Laptop","Active Directory","Service Desk","Operations","Head Office","Closed","12.7","24","Yes","Yes","No","Medium","Application Defect"
"INC-00661","2025-01-03","15:13","P3","Server & Infrastructure","Storage","Printing","Infrastructure","Engineering","Regional Office","Open","16.43","24","Yes","Yes","Yes","Medium","Unknown"
"INC-00662","2025-02-09","11:26","P3","Network","DNS","File Services","Network Team","Procurement","Remote","In Progress","16.56","24","Yes","No","No","Medium","Hardware Failure"
"INC-00663","2025-03-18","18:39","P3","Security","Phishing","Corporate Network","Systems Administration","HR","Site B","Resolved","8.4","24","Yes","Yes","No","Medium","Access Control"
"INC-00664","2025-04-24","14:52","P3","Software","Application Error","Endpoint Management","Application Support","Finance","Site A","Closed","10.2","24","Yes","No","No","Medium","User Error"
"INC-00665","2025-05-31","10:05","P3","Access Management","Account Lockout","Service Desk","Cybersecurity","IT","Head Office","Open","16.95","24","Yes","Yes","No","Medium","Network Issue"
"INC-00666","2025-07-07","17:18","P3","Email & Collaboration","Teams","ERP","Service Desk","Project Management","Regional Office","In Progress","17.08","24","Yes","Yes","No","Medium","Capacity"
"INC-00667","2025-08-13","13:31","P4","Hardware","Peripheral","Business Applications","Infrastructure","Administration","Remote","Resolved","25.9","48","Yes","No","No","Low","Configuration"
"INC-00668","2025-09-19","09:44","P4","Server & Infrastructure","Server Availability","Virtual Infrastructure","Network Team","Operations","Site B","Closed","12.8","48","Yes","Yes","No","Low","Application Defect"
"INC-00669","2025-10-26","16:57","P4","Network","Wi-Fi","Email & Collaboration","Systems Administration","Engineering","Site A","Open","17.47","48","Yes","Yes","No","Low","Unknown"
"INC-00670","2025-12-02","12:10","P4","Security","Policy","Active Directory","Application Support","Procurement","Head Office","In Progress","17.6","48","Yes","No","No","Low","Hardware Failure"
"INC-00671","2025-01-08","08:23","P4","Software","Licensing","Printing","Cybersecurity","HR","Regional Office","Resolved","22","48","Yes","Yes","No","Low","Access Control"
"INC-00672","2025-02-14","15:36","P2","Access Management","Password Reset","File Services","Service Desk","Finance","Remote","Closed","7.6","8","Yes","No","No","High","User Error"
"INC-00673","2025-03-23","11:49","P2","Email & Collaboration","Calendar","Corporate Network","Infrastructure","IT","Site B","Open","17.99","8","No","Yes","No","High","Network Issue"
"INC-00674","2025-04-29","18:02","P3","Hardware","Printer","Endpoint Management","Network Team","Project Management","Site A","In Progress","0.62","24","Yes","Yes","No","Medium","Capacity"
"INC-00675","2025-06-05","14:15","P3","Server & Infrastructure","Backup","Service Desk","Systems Administration","Administration","Head Office","Resolved","11","24","Yes","No","No","Medium","Configuration"
"INC-00676","2025-07-12","10:28","P3","Network","LAN","ERP","Application Support","Operations","Regional Office","Closed","12.9","24","Yes","Yes","No","Medium","Application Defect"
"INC-00677","2025-08-18","17:41","P3","Security","Endpoint Protection","Business Applications","Cybersecurity","Engineering","Remote","Open","1.01","24","Yes","Yes","No","Medium","Unknown"
"INC-00678","2025-09-24","13:54","P3","Software","Configuration","Virtual Infrastructure","Service Desk","Procurement","Site B","In Progress","1.14","24","Yes","No","No","Medium","Hardware Failure"
"INC-00679","2025-10-31","09:07","P3","Access Management","MFA","Email & Collaboration","Infrastructure","HR","Site A","Resolved","8.6","24","Yes","Yes","No","Medium","Access Control"
"INC-00680","2025-12-07","16:20","P3","Email & Collaboration","Mailbox","Active Directory","Network Team","Finance","Head Office","Closed","10.5","24","Yes","Yes","No","Medium","User Error"
"INC-00681","2025-01-13","12:33","P4","Hardware","Desktop","Printing","Systems Administration","IT","Regional Office","Open","1.53","48","Yes","No","No","Low","Network Issue"
"INC-00682","2025-02-19","08:46","P4","Server & Infrastructure","Virtual Machine","File Services","Application Support","Project Management","Remote","In Progress","1.66","48","Yes","Yes","No","Low","Capacity"
"INC-00683","2025-03-28","15:59","P4","Network","VPN","Corporate Network","Cybersecurity","Administration","Site B","Resolved","10.1","48","Yes","Yes","Yes","Low","Configuration"
"INC-00684","2025-05-04","11:12","P4","Security","Suspicious Activity","Endpoint Management","Service Desk","Operations","Site A","Closed","13.1","48","Yes","Yes","No","Low","Application Defect"
"INC-00685","2025-06-10","18:25","P4","Software","Installation","Service Desk","Infrastructure","Engineering","Head Office","Open","2.05","48","Yes","Yes","No","Low","Unknown"
"INC-00686","2025-07-17","14:38","P1","Access Management","Permission","ERP","Network Team","Procurement","Regional Office","In Progress","2.18","4","Yes","No","No","Critical","Hardware Failure"
"INC-00687","2025-08-23","10:51","P2","Email & Collaboration","Distribution List","Business Applications","Systems Administration","HR","Remote","Resolved","6.8","8","Yes","Yes","No","High","Access Control"
"INC-00688","2025-09-29","17:04","P3","Hardware","Laptop","Virtual Infrastructure","Application Support","Finance","Site B","Closed","15.5","24","Yes","Yes","No","Medium","User Error"
"INC-00689","2025-11-05","13:17","P3","Server & Infrastructure","Storage","Email & Collaboration","Cybersecurity","IT","Site A","Open","2.57","24","Yes","No","No","Medium","Network Issue"
"INC-00690","2025-12-12","09:30","P3","Network","DNS","Active Directory","Service Desk","Project Management","Head Office","In Progress","2.7","24","Yes","Yes","No","Medium","Capacity"
"INC-00691","2025-01-18","16:43","P3","Security","Phishing","Printing","Infrastructure","Administration","Regional Office","Resolved","11.2","24","Yes","No","No","Medium","Configuration"
"INC-00692","2025-02-24","12:56","P3","Software","Application Error","File Services","Network Team","Operations","Remote","Closed","13.1","24","Yes","Yes","No","Medium","Application Defect"
"INC-00693","2025-04-02","08:09","P3","Access Management","Account Lockout","Corporate Network","Systems Administration","Engineering","Site B","Open","3.09","24","Yes","Yes","No","Medium","Unknown"
"INC-00694","2025-05-09","15:22","P3","Email & Collaboration","Teams","Endpoint Management","Application Support","Procurement","Site A","In Progress","3.22","24","Yes","No","No","Medium","Hardware Failure"
"INC-00695","2025-06-15","11:35","P4","Hardware","Peripheral","Service Desk","Cybersecurity","HR","Head Office","Resolved","14.4","48","Yes","Yes","No","Low","Access Control"
"INC-00696","2025-07-22","18:48","P4","Server & Infrastructure","Server Availability","ERP","Service Desk","Finance","Regional Office","Closed","17.5","48","Yes","Yes","No","Low","User Error"
"INC-00697","2025-08-28","14:01","P4","Network","Wi-Fi","Business Applications","Infrastructure","IT","Remote","Open","3.61","48","Yes","No","No","Low","Network Issue"
"INC-00698","2025-10-04","10:14","P4","Security","Policy","Virtual Infrastructure","Network Team","Project Management","Site B","In Progress","3.74","48","Yes","Yes","No","Low","Capacity"
"INC-00699","2025-11-10","17:27","P4","Software","Licensing","Email & Collaboration","Systems Administration","Administration","Site A","Resolved","10.4","48","Yes","Yes","No","Low","Configuration"
"INC-00700","2025-12-17","13:40","P1","Access Management","Password Reset","Active Directory","Application Support","Operations","Head Office","Closed","2.6","4","Yes","Yes","Yes","Critical","Application Defect"
"INC-00701","2025-01-23","09:53","P2","Email & Collaboration","Calendar","Printing","Cybersecurity","Engineering","Regional Office","Open","4.13","8","Yes","No","No","High","Unknown"
"INC-00702","2025-03-01","16:06","P2","Hardware","Printer","File Services","Service Desk","Procurement","Remote","In Progress","4.26","8","Yes","No","No","High","Hardware Failure"
"INC-00703","2025-04-07","12:19","P3","Server & Infrastructure","Backup","Corporate Network","Infrastructure","HR","Site B","Resolved","13.9","24","Yes","Yes","No","Medium","Access Control"
"INC-00704","2025-05-14","08:32","P3","Network","LAN","Endpoint Management","Network Team","Finance","Site A","Closed","15.7","24","Yes","Yes","No","Medium","User Error"
"INC-00705","2025-06-20","15:45","P3","Security","Endpoint Protection","Service Desk","Systems Administration","IT","Head Office","Open","4.65","24","Yes","No","Yes","Medium","Network Issue"
"INC-00706","2025-07-27","11:58","P3","Software","Configuration","ERP","Application Support","Project Management","Regional Office","In Progress","4.78","24","Yes","Yes","No","Medium","Capacity"
"INC-00707","2025-09-02","18:11","P3","Access Management","MFA","Business Applications","Cybersecurity","Administration","Remote","Resolved","11.4","24","Yes","Yes","No","Medium","Configuration"
"INC-00708","2025-10-09","14:24","P3","Email & Collaboration","Mailbox","Virtual Infrastructure","Service Desk","Operations","Site B","Closed","13.3","24","Yes","No","No","Medium","Application Defect"
"INC-00709","2025-11-15","10:37","P3","Hardware","Desktop","Email & Collaboration","Infrastructure","Engineering","Site A","Open","5.17","24","Yes","Yes","No","Medium","Unknown"
"INC-00710","2025-12-22","17:50","P4","Server & Infrastructure","Virtual Machine","Active Directory","Network Team","Procurement","Head Office","In Progress","5.3","48","Yes","Yes","No","Low","Hardware Failure"
"INC-00711","2025-01-28","13:03","P4","Network","VPN","Printing","Systems Administration","HR","Regional Office","Resolved","14.8","48","Yes","Yes","No","Low","Access Control"
"INC-00712","2025-03-06","09:16","P4","Security","Suspicious Activity","File Services","Application Support","Finance","Remote","Closed","17.8","48","Yes","Yes","No","Low","User Error"
"INC-00713","2025-04-12","16:29","P4","Software","Installation","Corporate Network","Cybersecurity","IT","Site B","Open","5.69","48","Yes","No","No","Low","Network Issue"
"INC-00714","2025-05-19","12:42","P4","Access Management","Permission","Endpoint Management","Service Desk","Project Management","Site A","In Progress","5.82","48","Yes","Yes","No","Low","Capacity"
"INC-00715","2025-06-25","08:55","P2","Email & Collaboration","Distribution List","Service Desk","Infrastructure","Administration","Head Office","Resolved","3.3","8","Yes","No","No","High","Configuration"
"INC-00716","2025-08-01","15:08","P2","Hardware","Laptop","ERP","Network Team","Operations","Regional Office","Closed","4.2","8","Yes","No","No","High","Application Defect"
"INC-00717","2025-09-07","11:21","P3","Server & Infrastructure","Storage","Business Applications","Systems Administration","Engineering","Remote","Open","6.21","24","Yes","Yes","No","Medium","Unknown"
"INC-00718","2025-10-14","18:34","P3","Network","DNS","Virtual Infrastructure","Application Support","Procurement","Site B","In Progress","6.34","24","Yes","No","No","Medium","Hardware Failure"
"INC-00719","2025-11-20","14:47","P3","Security","Phishing","Email & Collaboration","Cybersecurity","HR","Site A","Resolved","14.1","24","Yes","Yes","No","Medium","Access Control"
"INC-00720","2025-12-27","10:00","P3","Software","Application Error","Active Directory","Service Desk","Finance","Head Office","Closed","6.1","24","Yes","Yes","No","Medium","User Error"
"INC-00721","2025-02-02","17:13","P3","Access Management","Account Lockout","Printing","Infrastructure","IT","Regional Office","Open","6.73","24","Yes","No","No","Medium","Network Issue"
"INC-00722","2025-03-11","13:26","P3","Email & Collaboration","Teams","File Services","Network Team","Project Management","Remote","In Progress","6.86","24","Yes","Yes","Yes","Medium","Capacity"
"INC-00723","2025-04-17","09:39","P3","Hardware","Peripheral","Corporate Network","Systems Administration","Administration","Site B","Resolved","11.7","24","Yes","Yes","No","Medium","Configuration"
"INC-00724","2025-05-24","16:52","P4","Server & Infrastructure","Server Availability","Endpoint Management","Application Support","Operations","Site A","Closed","22.1","48","Yes","No","No","Low","Application Defect"
"INC-00725","2025-06-30","12:05","P4","Network","Wi-Fi","Service Desk","Cybersecurity","Engineering","Head Office","Open","7.25","48","Yes","Yes","No","Low","Unknown"
"INC-00726","2025-08-06","08:18","P4","Security","Policy","ERP","Service Desk","Procurement","Regional Office","In Progress","7.38","48","Yes","Yes","No","Low","Hardware Failure"
"INC-00727","2025-09-12","15:31","P4","Software","Licensing","Business Applications","Infrastructure","HR","Remote","Resolved","15.1","48","Yes","No","Yes","Low","Access Control"
"INC-00728","2025-10-19","11:44","P4","Access Management","Password Reset","Virtual Infrastructure","Network Team","Finance","Site B","Closed","18.2","48","Yes","Yes","No","Low","User Error"
"INC-00729","2025-11-25","18:57","P2","Email & Collaboration","Calendar","Email & Collaboration","Systems Administration","IT","Site A","Open","7.77","8","Yes","No","No","High","Network Issue"
"INC-00730","2025-01-01","14:10","P2","Hardware","Printer","Active Directory","Application Support","Project Management","Head Office","In Progress","7.9","8","Yes","Yes","No","High","Capacity"
"INC-00731","2025-02-07","10:23","P3","Server & Infrastructure","Backup","Printing","Cybersecurity","Administration","Regional Office","Resolved","6.8","24","Yes","Yes","No","Medium","Configuration"
"INC-00732","2025-03-16","17:36","P3","Network","LAN","File Services","Service Desk","Operations","Remote","Closed","8.7","24","Yes","No","No","Medium","Application Defect"
"INC-00733","2025-04-22","13:49","P3","Security","Endpoint Protection","Corporate Network","Infrastructure","Engineering","Site B","Open","8.29","24","Yes","Yes","No","Medium","Unknown"
"INC-00734","2025-05-29","09:02","P3","Software","Configuration","Endpoint Management","Network Team","Procurement","Site A","In Progress","8.42","24","Yes","Yes","No","Medium","Hardware Failure"
"INC-00735","2025-07-05","16:15","P3","Access Management","MFA","Service Desk","Systems Administration","HR","Head Office","Resolved","14.3","24","Yes","No","No","Medium","Access Control"
"INC-00736","2025-08-11","12:28","P3","Email & Collaboration","Mailbox","ERP","Application Support","Finance","Regional Office","Closed","6.3","24","Yes","Yes","No","Medium","User Error"
"INC-00737","2025-09-17","08:41","P3","Hardware","Desktop","Business Applications","Cybersecurity","IT","Remote","Open","8.81","24","Yes","No","No","Medium","Network Issue"
"INC-00738","2025-10-24","15:54","P4","Server & Infrastructure","Virtual Machine","Virtual Infrastructure","Service Desk","Project Management","Site B","In Progress","8.94","48","Yes","Yes","No","Low","Capacity"
"INC-00739","2025-11-30","11:07","P4","Network","VPN","Email & Collaboration","Infrastructure","Administration","Site A","Resolved","19.4","48","Yes","Yes","No","Low","Configuration"
"INC-00740","2025-01-06","18:20","P4","Security","Suspicious Activity","Active Directory","Network Team","Operations","Head Office","Closed","22.5","48","Yes","No","No","Low","Application Defect"
"INC-00741","2025-02-12","14:33","P4","Software","Installation","Printing","Systems Administration","Engineering","Regional Office","Open","9.33","48","Yes","Yes","No","Low","Unknown"
"INC-00742","2025-03-21","10:46","P4","Access Management","Permission","File Services","Application Support","Procurement","Remote","In Progress","9.46","48","Yes","Yes","No","Low","Hardware Failure"
"INC-00743","2025-04-27","17:59","P1","Email & Collaboration","Distribution List","Corporate Network","Cybersecurity","HR","Site B","Resolved","3","4","Yes","No","No","Critical","Access Control"
"INC-00744","2025-06-03","13:12","P2","Hardware","Laptop","Endpoint Management","Service Desk","Finance","Site A","Closed","5.7","8","Yes","Yes","No","High","User Error"
"INC-00745","2025-07-10","09:25","P3","Server & Infrastructure","Storage","Service Desk","Infrastructure","IT","Head Office","Open","9.85","24","Yes","No","No","Medium","Network Issue"
"INC-00746","2025-08-16","16:38","P3","Network","DNS","ERP","Network Team","Project Management","Regional Office","In Progress","9.98","24","Yes","Yes","No","Medium","Capacity"
"INC-00747","2025-09-22","12:51","P3","Security","Phishing","Business Applications","Systems Administration","Administration","Remote","Resolved","7","24","Yes","Yes","No","Medium","Configuration"
"INC-00748","2025-10-29","08:04","P3","Software","Application Error","Virtual Infrastructure","Application Support","Operations","Site B","Closed","8.9","24","Yes","No","No","Medium","Application Defect"
"INC-00749","2025-12-05","15:17","P3","Access Management","Account Lockout","Email & Collaboration","Cybersecurity","Engineering","Site A","Open","10.37","24","Yes","Yes","No","Medium","Unknown"
"INC-00750","2025-01-11","11:30","P3","Email & Collaboration","Teams","Active Directory","Service Desk","Procurement","Head Office","In Progress","10.5","24","Yes","Yes","No","Medium","Hardware Failure"
"INC-00751","2025-02-17","18:43","P3","Hardware","Peripheral","Printing","Infrastructure","HR","Regional Office","Resolved","14.5","24","Yes","No","No","Medium","Access Control"
"INC-00752","2025-03-26","14:56","P3","Server & Infrastructure","Server Availability","File Services","Network Team","Finance","Remote","Closed","6.5","24","Yes","Yes","No","Medium","User Error"
"INC-00753","2025-05-02","10:09","P4","Network","Wi-Fi","Corporate Network","Systems Administration","IT","Site B","Open","10.89","48","Yes","Yes","No","Low","Network Issue"
"INC-00754","2025-06-08","17:22","P4","Security","Policy","Endpoint Management","Application Support","Project Management","Site A","In Progress","11.02","48","Yes","No","No","Low","Capacity"
"INC-00755","2025-07-15","13:35","P4","Software","Licensing","Service Desk","Cybersecurity","Administration","Head Office","Resolved","19.8","48","Yes","Yes","No","Low","Configuration"
"INC-00756","2025-08-21","09:48","P4","Access Management","Password Reset","ERP","Service Desk","Operations","Regional Office","Closed","22.9","48","Yes","Yes","No","Low","Application Defect"
"INC-00757","2025-09-27","16:01","P4","Email & Collaboration","Calendar","Business Applications","Infrastructure","Engineering","Remote","Open","11.41","48","Yes","Yes","No","Low","Unknown"
"INC-00758","2025-11-03","12:14","P2","Hardware","Printer","Virtual Infrastructure","Network Team","Procurement","Site B","In Progress","11.54","8","No","No","No","High","Hardware Failure"
"INC-00759","2025-12-10","08:27","P2","Server & Infrastructure","Backup","Email & Collaboration","Systems Administration","HR","Site A","Resolved","4.8","8","Yes","No","No","High","Access Control"
"INC-00760","2025-01-16","15:40","P3","Network","LAN","Active Directory","Application Support","Finance","Head Office","Closed","11.6","24","Yes","Yes","No","Medium","User Error"
"INC-00761","2025-02-22","11:53","P3","Security","Endpoint Protection","Printing","Cybersecurity","IT","Regional Office","Open","11.93","24","Yes","Yes","Yes","Medium","Network Issue"
"INC-00762","2025-03-31","18:06","P3","Software","Configuration","File Services","Service Desk","Project Management","Remote","In Progress","12.06","24","Yes","No","No","Medium","Capacity"
"INC-00763","2025-05-07","14:19","P3","Access Management","MFA","Corporate Network","Infrastructure","Administration","Site B","Resolved","7.3","24","Yes","Yes","No","Medium","Configuration"
"INC-00764","2025-06-13","10:32","P3","Email & Collaboration","Mailbox","Endpoint Management","Network Team","Operations","Site A","Closed","9.1","24","Yes","No","No","Medium","Application Defect"
"INC-00765","2025-07-20","17:45","P3","Hardware","Desktop","Service Desk","Systems Administration","Engineering","Head Office","Open","12.45","24","Yes","Yes","No","Medium","Unknown"
"INC-00766","2025-08-26","13:58","P3","Server & Infrastructure","Virtual Machine","ERP","Application Support","Procurement","Regional Office","In Progress","12.58","24","Yes","Yes","No","Medium","Hardware Failure"
"INC-00767","2025-10-02","09:11","P4","Network","VPN","Business Applications","Cybersecurity","HR","Remote","Resolved","24.1","48","Yes","No","No","Low","Access Control"
"INC-00768","2025-11-08","16:24","P4","Security","Suspicious Activity","Virtual Infrastructure","Service Desk","Finance","Site B","Closed","11","48","Yes","Yes","No","Low","User Error"
"INC-00769","2025-12-15","12:37","P4","Software","Installation","Email & Collaboration","Infrastructure","IT","Site A","Open","12.97","48","Yes","Yes","No","Low","Network Issue"
"INC-00770","2025-01-21","08:50","P4","Access Management","Permission","Active Directory","Network Team","Project Management","Head Office","In Progress","13.1","48","Yes","No","No","Low","Capacity"
"INC-00771","2025-02-27","15:03","P4","Email & Collaboration","Distribution List","Printing","Systems Administration","Administration","Regional Office","Resolved","20.2","48","Yes","Yes","No","Low","Configuration"
"INC-00772","2025-04-05","11:16","P2","Hardware","Laptop","File Services","Application Support","Operations","Remote","Closed","7.1","8","Yes","No","No","High","Application Defect"
"INC-00773","2025-05-12","18:29","P2","Server & Infrastructure","Storage","Corporate Network","Cybersecurity","Engineering","Site B","Open","13.49","8","No","Yes","No","High","Unknown"
"INC-00774","2025-06-18","14:42","P3","Network","DNS","Endpoint Management","Service Desk","Procurement","Site A","In Progress","13.62","24","Yes","Yes","No","Medium","Hardware Failure"
"INC-00775","2025-07-25","10:55","P3","Security","Phishing","Service Desk","Infrastructure","HR","Head Office","Resolved","9.9","24","Yes","No","No","Medium","Access Control"
"INC-00776","2025-08-31","17:08","P3","Software","Application Error","ERP","Network Team","Finance","Regional Office","Closed","11.8","24","Yes","Yes","No","Medium","User Error"
"INC-00777","2025-10-07","13:21","P3","Access Management","Account Lockout","Business Applications","Systems Administration","IT","Remote","Open","14.01","24","Yes","Yes","No","Medium","Network Issue"
"INC-00778","2025-11-13","09:34","P3","Email & Collaboration","Teams","Virtual Infrastructure","Application Support","Project Management","Site B","In Progress","14.14","24","Yes","No","No","Medium","Capacity"
"INC-00779","2025-12-20","16:47","P3","Hardware","Peripheral","Email & Collaboration","Cybersecurity","Administration","Site A","Resolved","7.5","24","Yes","Yes","No","Medium","Configuration"
"INC-00780","2025-01-26","12:00","P3","Server & Infrastructure","Server Availability","Active Directory","Service Desk","Operations","Head Office","Closed","9.4","24","Yes","Yes","No","Medium","Application Defect"
"INC-00781","2025-03-04","08:13","P4","Network","Wi-Fi","Printing","Infrastructure","Engineering","Regional Office","Open","14.53","48","Yes","No","No","Low","Unknown"
"INC-00782","2025-04-10","15:26","P4","Security","Policy","File Services","Network Team","Procurement","Remote","In Progress","14.66","48","Yes","Yes","No","Low","Hardware Failure"
"INC-00783","2025-05-17","11:39","P4","Software","Licensing","Corporate Network","Systems Administration","HR","Site B","Resolved","24.5","48","Yes","Yes","Yes","Low","Access Control"
"INC-00784","2025-06-23","18:52","P4","Access Management","Password Reset","Endpoint Management","Application Support","Finance","Site A","Closed","11.3","48","Yes","Yes","No","Low","User Error"
"INC-00785","2025-07-30","14:05","P4","Email & Collaboration","Calendar","Service Desk","Cybersecurity","IT","Head Office","Open","15.05","48","Yes","Yes","No","Low","Network Issue"
"INC-00786","2025-09-05","10:18","P1","Hardware","Printer","ERP","Service Desk","Project Management","Regional Office","In Progress","15.18","4","No","No","No","Critical","Capacity"
"INC-00787","2025-10-12","17:31","P2","Server & Infrastructure","Backup","Business Applications","Infrastructure","Administration","Remote","Resolved","6.3","8","Yes","Yes","No","High","Configuration"
"INC-00788","2025-11-18","13:44","P3","Network","LAN","Virtual Infrastructure","Network Team","Operations","Site B","Closed","14.4","24","Yes","Yes","No","Medium","Application Defect"
"INC-00789","2025-12-25","09:57","P3","Security","Endpoint Protection","Email & Collaboration","Systems Administration","Engineering","Site A","Open","15.57","24","Yes","No","No","Medium","Unknown"
"INC-00790","2025-01-31","16:10","P3","Software","Configuration","Active Directory","Application Support","Procurement","Head Office","In Progress","15.7","24","Yes","Yes","No","Medium","Hardware Failure"
"INC-00791","2025-03-09","12:23","P3","Access Management","MFA","Printing","Cybersecurity","HR","Regional Office","Resolved","10.1","24","Yes","No","No","Medium","Access Control"
"INC-00792","2025-04-15","08:36","P3","Email & Collaboration","Mailbox","File Services","Service Desk","Finance","Remote","Closed","12","24","Yes","Yes","No","Medium","User Error"
"INC-00793","2025-05-22","15:49","P3","Hardware","Desktop","Corporate Network","Infrastructure","IT","Site B","Open","16.09","24","Yes","Yes","No","Medium","Network Issue"
"INC-00794","2025-06-28","11:02","P3","Server & Infrastructure","Virtual Machine","Endpoint Management","Network Team","Project Management","Site A","In Progress","16.22","24","Yes","No","No","Medium","Capacity"
"INC-00795","2025-08-04","18:15","P4","Network","VPN","Service Desk","Systems Administration","Administration","Head Office","Resolved","12.6","48","Yes","Yes","No","Low","Configuration"
"INC-00796","2025-09-10","14:28","P4","Security","Suspicious Activity","ERP","Application Support","Operations","Regional Office","Closed","15.7","48","Yes","Yes","No","Low","Application Defect"
"INC-00797","2025-10-17","10:41","P4","Software","Installation","Business Applications","Cybersecurity","Engineering","Remote","Open","16.61","48","Yes","No","No","Low","Unknown"
"INC-00798","2025-11-23","17:54","P4","Access Management","Permission","Virtual Infrastructure","Service Desk","Procurement","Site B","In Progress","16.74","48","Yes","Yes","No","Low","Hardware Failure"
"INC-00799","2025-12-30","13:07","P4","Email & Collaboration","Distribution List","Email & Collaboration","Infrastructure","HR","Site A","Resolved","24.8","48","Yes","Yes","No","Low","Access Control"
"INC-00800","2025-02-05","09:20","P1","Hardware","Laptop","Active Directory","Network Team","Finance","Head Office","Closed","2.3","4","Yes","Yes","Yes","Critical","User Error"
"INC-00801","2025-03-14","16:33","P2","Server & Infrastructure","Storage","Printing","Systems Administration","IT","Regional Office","Open","17.13","8","No","No","No","High","Network Issue"
"INC-00802","2025-04-20","12:46","P2","Network","DNS","File Services","Application Support","Project Management","Remote","In Progress","17.26","8","No","No","No","High","Capacity"
"INC-00803","2025-05-27","08:59","P3","Security","Phishing","Corporate Network","Cybersecurity","Administration","Site B","Resolved","12.8","24","Yes","Yes","No","Medium","Configuration"
"INC-00804","2025-07-03","15:12","P3","Software","Application Error","Endpoint Management","Service Desk","Operations","Site A","Closed","14.6","24","Yes","Yes","No","Medium","Application Defect"
"INC-00805","2025-08-09","11:25","P3","Access Management","Account Lockout","Service Desk","Infrastructure","Engineering","Head Office","Open","17.65","24","Yes","No","Yes","Medium","Unknown"
"INC-00806","2025-09-15","18:38","P3","Email & Collaboration","Teams","ERP","Network Team","Procurement","Regional Office","In Progress","17.78","24","Yes","Yes","No","Medium","Hardware Failure"
"INC-00807","2025-10-22","14:51","P3","Hardware","Peripheral","Business Applications","Systems Administration","HR","Remote","Resolved","10.3","24","Yes","Yes","No","Medium","Access Control"
"INC-00808","2025-11-28","10:04","P3","Server & Infrastructure","Server Availability","Virtual Infrastructure","Application Support","Finance","Site B","Closed","12.2","24","Yes","No","No","Medium","User Error"
"INC-00809","2025-01-04","17:17","P3","Network","Wi-Fi","Email & Collaboration","Cybersecurity","IT","Site A","Open","0.67","24","Yes","Yes","No","Medium","Network Issue"
"INC-00810","2025-02-10","13:30","P4","Security","Policy","Active Directory","Service Desk","Project Management","Head Office","In Progress","0.8","48","Yes","Yes","No","Low","Capacity"
"INC-00811","2025-03-19","09:43","P4","Software","Licensing","Printing","Infrastructure","Administration","Regional Office","Resolved","13","48","Yes","Yes","No","Low","Configuration"
"INC-00812","2025-04-25","16:56","P4","Access Management","Password Reset","File Services","Network Team","Operations","Remote","Closed","16","48","Yes","Yes","No","Low","Application Defect"
"INC-00813","2025-06-01","12:09","P4","Email & Collaboration","Calendar","Corporate Network","Systems Administration","Engineering","Site B","Open","1.19","48","Yes","No","No","Low","Unknown"
"INC-00814","2025-07-08","08:22","P4","Hardware","Printer","Endpoint Management","Application Support","Procurement","Site A","In Progress","1.32","48","Yes","Yes","No","Low","Hardware Failure"
"INC-00815","2025-08-14","15:35","P2","Server & Infrastructure","Backup","Service Desk","Cybersecurity","HR","Head Office","Resolved","7.7","8","Yes","No","No","High","Access Control"
"INC-00816","2025-09-20","11:48","P2","Network","LAN","ERP","Service Desk","Finance","Regional Office","Closed","3.7","8","Yes","No","No","High","User Error"
"INC-00817","2025-10-27","18:01","P3","Security","Endpoint Protection","Business Applications","Infrastructure","IT","Remote","Open","1.71","24","Yes","Yes","No","Medium","Network Issue"
"INC-00818","2025-12-03","14:14","P3","Software","Configuration","Virtual Infrastructure","Network Team","Project Management","Site B","In Progress","1.84","24","Yes","No","No","Medium","Capacity"
"INC-00819","2025-01-09","10:27","P3","Access Management","MFA","Email & Collaboration","Systems Administration","Administration","Site A","Resolved","13","24","Yes","Yes","No","Medium","Configuration"
"INC-00820","2025-02-15","17:40","P3","Email & Collaboration","Mailbox","Active Directory","Application Support","Operations","Head Office","Closed","14.9","24","Yes","Yes","No","Medium","Application Defect"
"INC-00821","2025-03-24","13:53","P3","Hardware","Desktop","Printing","Cybersecurity","Engineering","Regional Office","Open","2.23","24","Yes","No","No","Medium","Unknown"
"INC-00822","2025-04-30","09:06","P3","Server & Infrastructure","Virtual Machine","File Services","Service Desk","Procurement","Remote","In Progress","2.36","24","Yes","Yes","Yes","Medium","Hardware Failure"
"INC-00823","2025-06-06","16:19","P3","Network","VPN","Corporate Network","Infrastructure","HR","Site B","Resolved","10.6","24","Yes","Yes","No","Medium","Access Control"
"INC-00824","2025-07-13","12:32","P4","Security","Suspicious Activity","Endpoint Management","Network Team","Finance","Site A","Closed","20.3","48","Yes","No","No","Low","User Error"
"INC-00825","2025-08-19","08:45","P4","Software","Installation","Service Desk","Systems Administration","IT","Head Office","Open","2.75","48","Yes","Yes","No","Low","Network Issue"
"INC-00826","2025-09-25","15:58","P4","Access Management","Permission","ERP","Application Support","Project Management","Regional Office","In Progress","2.88","48","Yes","Yes","No","Low","Capacity"
"INC-00827","2025-11-01","11:11","P4","Email & Collaboration","Distribution List","Business Applications","Cybersecurity","Administration","Remote","Resolved","13.3","48","Yes","No","Yes","Low","Configuration"
"INC-00828","2025-12-08","18:24","P4","Hardware","Laptop","Virtual Infrastructure","Service Desk","Operations","Site B","Closed","16.4","48","Yes","Yes","No","Low","Application Defect"
"INC-00829","2025-01-14","14:37","P2","Server & Infrastructure","Storage","Email & Collaboration","Infrastructure","Engineering","Site A","Open","3.27","8","Yes","No","No","High","Unknown"
"INC-00830","2025-02-20","10:50","P2","Network","DNS","Active Directory","Network Team","Procurement","Head Office","In Progress","3.4","8","Yes","Yes","No","High","Hardware Failure"
"INC-00831","2025-03-29","17:03","P3","Security","Phishing","Printing","Systems Administration","HR","Regional Office","Resolved","15.6","24","Yes","Yes","No","Medium","Access Control"
"INC-00832","2025-05-05","13:16","P3","Software","Application Error","File Services","Application Support","Finance","Remote","Closed","7.6","24","Yes","No","No","Medium","User Error"
"INC-00833","2025-06-11","09:29","P3","Access Management","Account Lockout","Corporate Network","Cybersecurity","IT","Site B","Open","3.79","24","Yes","Yes","No","Medium","Network Issue"
"INC-00834","2025-07-18","16:42","P3","Email & Collaboration","Teams","Endpoint Management","Service Desk","Project Management","Site A","In Progress","3.92","24","Yes","Yes","No","Medium","Capacity"
"INC-00835","2025-08-24","12:55","P3","Hardware","Peripheral","Service Desk","Infrastructure","Administration","Head Office","Resolved","13.2","24","Yes","No","No","Medium","Configuration"
"INC-00836","2025-09-30","08:08","P3","Server & Infrastructure","Server Availability","ERP","Network Team","Operations","Regional Office","Closed","15.1","24","Yes","Yes","No","Medium","Application Defect"
"INC-00837","2025-11-06","15:21","P3","Network","Wi-Fi","Business Applications","Systems Administration","Engineering","Remote","Open","4.31","24","Yes","No","No","Medium","Unknown"
"INC-00838","2025-12-13","11:34","P4","Security","Policy","Virtual Infrastructure","Application Support","Procurement","Site B","In Progress","4.44","48","Yes","Yes","No","Low","Hardware Failure"
"INC-00839","2025-01-19","18:47","P4","Software","Licensing","Email & Collaboration","Cybersecurity","HR","Site A","Resolved","17.6","48","Yes","Yes","No","Low","Access Control"
"INC-00840","2025-02-25","14:00","P4","Access Management","Password Reset","Active Directory","Service Desk","Finance","Head Office","Closed","20.7","48","Yes","No","No","Low","User Error"
"INC-00841","2025-04-03","10:13","P4","Email & Collaboration","Calendar","Printing","Infrastructure","IT","Regional Office","Open","4.83","48","Yes","Yes","No","Low","Network Issue"
"INC-00842","2025-05-10","17:26","P4","Hardware","Printer","File Services","Network Team","Project Management","Remote","In Progress","4.96","48","Yes","Yes","No","Low","Capacity"
"INC-00843","2025-06-16","13:39","P1","Server & Infrastructure","Backup","Corporate Network","Systems Administration","Administration","Site B","Resolved","2.7","4","Yes","No","No","Critical","Configuration"
"INC-00844","2025-07-23","09:52","P2","Network","LAN","Endpoint Management","Application Support","Operations","Site A","Closed","5.1","8","Yes","Yes","No","High","Application Defect"
"INC-00845","2025-08-29","16:05","P3","Security","Endpoint Protection","Service Desk","Cybersecurity","Engineering","Head Office","Open","5.35","24","Yes","No","No","Medium","Unknown"
"INC-00846","2025-10-05","12:18","P3","Software","Configuration","ERP","Service Desk","Procurement","Regional Office","In Progress","5.48","24","Yes","Yes","No","Medium","Hardware Failure"
"INC-00847","2025-11-11","08:31","P3","Access Management","MFA","Business Applications","Infrastructure","HR","Remote","Resolved","15.8","24","Yes","Yes","No","Medium","Access Control"
"INC-00848","2025-12-18","15:44","P3","Email & Collaboration","Mailbox","Virtual Infrastructure","Network Team","Finance","Site B","Closed","7.8","24","Yes","No","No","Medium","User Error"
"INC-00849","2025-01-24","11:57","P3","Hardware","Desktop","Email & Collaboration","Systems Administration","IT","Site A","Open","5.87","24","Yes","Yes","No","Medium","Network Issue"
"INC-00850","2025-03-02","18:10","P3","Server & Infrastructure","Virtual Machine","Active Directory","Application Support","Project Management","Head Office","In Progress","6","24","Yes","Yes","No","Medium","Capacity"
"INC-00851","2025-04-08","14:23","P3","Network","VPN","Printing","Cybersecurity","Administration","Regional Office","Resolved","13.4","24","Yes","No","No","Medium","Configuration"
"INC-00852","2025-05-15","10:36","P3","Security","Suspicious Activity","File Services","Service Desk","Operations","Remote","Closed","15.3","24","Yes","Yes","No","Medium","Application Defect"
"INC-00853","2025-06-21","17:49","P4","Software","Installation","Corporate Network","Infrastructure","Engineering","Site B","Open","6.39","48","Yes","Yes","No","Low","Unknown"
"INC-00854","2025-07-28","13:02","P4","Access Management","Permission","Endpoint Management","Network Team","Procurement","Site A","In Progress","6.52","48","Yes","No","No","Low","Hardware Failure"
"INC-00855","2025-09-03","09:15","P4","Email & Collaboration","Distribution List","Service Desk","Systems Administration","HR","Head Office","Resolved","18","48","Yes","Yes","No","Low","Access Control"
"INC-00856","2025-10-10","16:28","P4","Hardware","Laptop","ERP","Application Support","Finance","Regional Office","Closed","21.1","48","Yes","Yes","No","Low","User Error"
"INC-00857","2025-11-16","12:41","P4","Server & Infrastructure","Storage","Business Applications","Cybersecurity","IT","Remote","Open","6.91","48","Yes","Yes","No","Low","Network Issue"
"INC-00858","2025-12-23","08:54","P2","Network","DNS","Virtual Infrastructure","Service Desk","Project Management","Site B","In Progress","7.04","8","Yes","No","No","High","Capacity"
"INC-00859","2025-01-29","15:07","P2","Security","Phishing","Email & Collaboration","Infrastructure","Administration","Site A","Resolved","4.3","8","Yes","No","No","High","Configuration"
"INC-00860","2025-03-07","11:20","P3","Software","Application Error","Active Directory","Network Team","Operations","Head Office","Closed","10.5","24","Yes","Yes","No","Medium","Application Defect"
"INC-00861","2025-04-13","18:33","P3","Access Management","Account Lockout","Printing","Systems Administration","Engineering","Regional Office","Open","7.43","24","Yes","Yes","Yes","Medium","Unknown"
"INC-00862","2025-05-20","14:46","P3","Email & Collaboration","Teams","File Services","Application Support","Procurement","Remote","In Progress","7.56","24","Yes","No","No","Medium","Hardware Failure"
"INC-00863","2025-06-26","10:59","P3","Hardware","Peripheral","Corporate Network","Cybersecurity","HR","Site B","Resolved","6.2","24","Yes","Yes","No","Medium","Access Control"
"INC-00864","2025-08-02","17:12","P3","Server & Infrastructure","Server Availability","Endpoint Management","Service Desk","Finance","Site A","Closed","8","24","Yes","No","No","Medium","User Error"
"INC-00865","2025-09-08","13:25","P3","Network","Wi-Fi","Service Desk","Infrastructure","IT","Head Office","Open","7.95","24","Yes","Yes","No","Medium","Network Issue"
"INC-00866","2025-10-15","09:38","P3","Security","Policy","ERP","Network Team","Project Management","Regional Office","In Progress","8.08","24","Yes","Yes","No","Medium","Capacity"
"INC-00867","2025-11-21","16:51","P4","Software","Licensing","Business Applications","Systems Administration","Administration","Remote","Resolved","22.3","48","Yes","No","No","Low","Configuration"
"INC-00868","2025-12-28","12:04","P4","Access Management","Password Reset","Virtual Infrastructure","Application Support","Operations","Site B","Closed","25.4","48","Yes","Yes","No","Low","Application Defect"
"INC-00869","2025-02-03","08:17","P4","Email & Collaboration","Calendar","Email & Collaboration","Cybersecurity","Engineering","Site A","Open","8.47","48","Yes","Yes","No","Low","Unknown"
"INC-00870","2025-03-12","15:30","P4","Hardware","Printer","Active Directory","Service Desk","Procurement","Head Office","In Progress","8.6","48","Yes","No","No","Low","Hardware Failure"
"INC-00871","2025-04-18","11:43","P4","Server & Infrastructure","Backup","Printing","Infrastructure","HR","Regional Office","Resolved","18.4","48","Yes","Yes","No","Low","Access Control"
"INC-00872","2025-05-25","18:56","P2","Network","LAN","File Services","Network Team","Finance","Remote","Closed","6.5","8","Yes","No","No","High","User Error"
"INC-00873","2025-07-01","14:09","P2","Security","Endpoint Protection","Corporate Network","Systems Administration","IT","Site B","Open","8.99","8","No","Yes","No","High","Network Issue"
"INC-00874","2025-08-07","10:22","P3","Software","Configuration","Endpoint Management","Application Support","Project Management","Site A","In Progress","9.12","24","Yes","Yes","No","Medium","Capacity"
"INC-00875","2025-09-13","17:35","P3","Access Management","MFA","Service Desk","Cybersecurity","Administration","Head Office","Resolved","8.8","24","Yes","No","No","Medium","Configuration"
"INC-00876","2025-10-20","13:48","P3","Email & Collaboration","Mailbox","ERP","Service Desk","Operations","Regional Office","Closed","10.7","24","Yes","Yes","No","Medium","Application Defect"
"INC-00877","2025-11-26","09:01","P3","Hardware","Desktop","Business Applications","Infrastructure","Engineering","Remote","Open","9.51","24","Yes","Yes","No","Medium","Unknown"
"INC-00878","2025-01-02","16:14","P3","Server & Infrastructure","Virtual Machine","Virtual Infrastructure","Network Team","Procurement","Site B","In Progress","9.64","24","Yes","No","No","Medium","Hardware Failure"
"INC-00879","2025-02-08","12:27","P3","Network","VPN","Email & Collaboration","Systems Administration","HR","Site A","Resolved","6.4","24","Yes","Yes","No","Medium","Access Control"
"INC-00880","2025-03-17","08:40","P3","Security","Suspicious Activity","Active Directory","Application Support","Finance","Head Office","Closed","8.3","24","Yes","Yes","No","Medium","User Error"
"INC-00881","2025-04-23","15:53","P4","Software","Installation","Printing","Cybersecurity","IT","Regional Office","Open","10.03","48","Yes","No","No","Low","Network Issue"
"INC-00882","2025-05-30","11:06","P4","Access Management","Permission","File Services","Service Desk","Project Management","Remote","In Progress","10.16","48","Yes","Yes","No","Low","Capacity"
"INC-00883","2025-07-06","18:19","P4","Email & Collaboration","Distribution List","Corporate Network","Infrastructure","Administration","Site B","Resolved","22.7","48","Yes","Yes","Yes","Low","Configuration"
"INC-00884","2025-08-12","14:32","P4","Hardware","Laptop","Endpoint Management","Network Team","Operations","Site A","Closed","25.7","48","Yes","Yes","No","Low","Application Defect"
"INC-00885","2025-09-18","10:45","P4","Server & Infrastructure","Storage","Service Desk","Systems Administration","Engineering","Head Office","Open","10.55","48","Yes","Yes","No","Low","Unknown"
"INC-00886","2025-10-25","17:58","P1","Network","DNS","ERP","Application Support","Procurement","Regional Office","In Progress","10.68","4","No","No","No","Critical","Hardware Failure"
"INC-00887","2025-12-01","13:11","P2","Security","Phishing","Business Applications","Cybersecurity","HR","Remote","Resolved","5.7","8","Yes","Yes","No","High","Access Control"
"INC-00888","2025-01-07","09:24","P3","Software","Application Error","Virtual Infrastructure","Service Desk","Finance","Site B","Closed","13.3","24","Yes","Yes","No","Medium","User Error"
"INC-00889","2025-02-13","16:37","P3","Access Management","Account Lockout","Email & Collaboration","Infrastructure","IT","Site A","Open","11.07","24","Yes","No","No","Medium","Network Issue"
"INC-00890","2025-03-22","12:50","P3","Email & Collaboration","Teams","Active Directory","Network Team","Project Management","Head Office","In Progress","11.2","24","Yes","Yes","No","Medium","Capacity"
"INC-00891","2025-04-28","08:03","P3","Hardware","Peripheral","Printing","Systems Administration","Administration","Regional Office","Resolved","9","24","Yes","No","No","Medium","Configuration"
"INC-00892","2025-06-04","15:16","P3","Server & Infrastructure","Server Availability","File Services","Application Support","Operations","Remote","Closed","10.9","24","Yes","Yes","No","Medium","Application Defect"
"INC-00893","2025-07-11","11:29","P3","Network","Wi-Fi","Corporate Network","Cybersecurity","Engineering","Site B","Open","11.59","24","Yes","Yes","No","Medium","Unknown"
"INC-00894","2025-08-17","18:42","P3","Security","Policy","Endpoint Management","Service Desk","Procurement","Site A","In Progress","11.72","24","Yes","No","No","Medium","Hardware Failure"
"INC-00895","2025-09-23","14:55","P4","Software","Licensing","Service Desk","Infrastructure","HR","Head Office","Resolved","10.8","48","Yes","Yes","No","Low","Access Control"
"INC-00896","2025-10-30","10:08","P4","Access Management","Password Reset","ERP","Network Team","Finance","Regional Office","Closed","13.9","48","Yes","Yes","No","Low","User Error"
"INC-00897","2025-12-06","17:21","P4","Email & Collaboration","Calendar","Business Applications","Systems Administration","IT","Remote","Open","12.11","48","Yes","No","No","Low","Network Issue"
"INC-00898","2025-01-12","13:34","P4","Hardware","Printer","Virtual Infrastructure","Application Support","Project Management","Site B","In Progress","12.24","48","Yes","Yes","No","Low","Capacity"
"INC-00899","2025-02-18","09:47","P4","Server & Infrastructure","Backup","Email & Collaboration","Cybersecurity","Administration","Site A","Resolved","23","48","Yes","Yes","No","Low","Configuration"
"INC-00900","2025-03-27","16:00","P1","Network","LAN","Active Directory","Service Desk","Operations","Head Office","Closed","1.9","4","Yes","Yes","Yes","Critical","Application Defect"
"INC-00901","2025-05-03","12:13","P2","Security","Endpoint Protection","Printing","Infrastructure","Engineering","Regional Office","Open","12.63","8","No","No","No","High","Unknown"
"INC-00902","2025-06-09","08:26","P2","Software","Configuration","File Services","Network Team","Procurement","Remote","In Progress","12.76","8","No","No","No","High","Hardware Failure"
"INC-00903","2025-07-16","15:39","P3","Access Management","MFA","Corporate Network","Systems Administration","HR","Site B","Resolved","11.7","24","Yes","Yes","No","Medium","Access Control"
"INC-00904","2025-08-22","11:52","P3","Email & Collaboration","Mailbox","Endpoint Management","Application Support","Finance","Site A","Closed","13.5","24","Yes","Yes","No","Medium","User Error"
"INC-00905","2025-09-28","18:05","P3","Hardware","Desktop","Service Desk","Cybersecurity","IT","Head Office","Open","13.15","24","Yes","No","Yes","Medium","Network Issue"
"INC-00906","2025-11-04","14:18","P3","Server & Infrastructure","Virtual Machine","ERP","Service Desk","Project Management","Regional Office","In Progress","13.28","24","Yes","Yes","No","Medium","Capacity"
"INC-00907","2025-12-11","10:31","P3","Network","VPN","Business Applications","Infrastructure","Administration","Remote","Resolved","9.2","24","Yes","Yes","No","Medium","Configuration"
"INC-00908","2025-01-17","17:44","P3","Security","Suspicious Activity","Virtual Infrastructure","Network Team","Operations","Site B","Closed","11.1","24","Yes","No","No","Medium","Application Defect"
"INC-00909","2025-02-23","13:57","P3","Software","Installation","Email & Collaboration","Systems Administration","Engineering","Site A","Open","13.67","24","Yes","Yes","No","Medium","Unknown"
"INC-00910","2025-04-01","09:10","P4","Access Management","Permission","Active Directory","Application Support","Procurement","Head Office","In Progress","13.8","48","Yes","Yes","No","Low","Hardware Failure"
"INC-00911","2025-05-08","16:23","P4","Email & Collaboration","Distribution List","Printing","Cybersecurity","HR","Regional Office","Resolved","11.2","48","Yes","Yes","No","Low","Access Control"
"INC-00912","2025-06-14","12:36","P4","Hardware","Laptop","File Services","Service Desk","Finance","Remote","Closed","14.2","48","Yes","Yes","No","Low","User Error"
"INC-00913","2025-07-21","08:49","P4","Server & Infrastructure","Storage","Corporate Network","Infrastructure","IT","Site B","Open","14.19","48","Yes","No","No","Low","Network Issue"
"INC-00914","2025-08-27","15:02","P4","Network","DNS","Endpoint Management","Network Team","Project Management","Site A","In Progress","14.32","48","Yes","Yes","No","Low","Capacity"
"INC-00915","2025-10-03","11:15","P2","Security","Phishing","Service Desk","Systems Administration","Administration","Head Office","Resolved","7.2","8","Yes","No","No","High","Configuration"
"INC-00916","2025-11-09","18:28","P2","Software","Application Error","ERP","Application Support","Operations","Regional Office","Closed","3.1","8","Yes","No","No","High","Application Defect"
"INC-00917","2025-12-16","14:41","P3","Access Management","Account Lockout","Business Applications","Cybersecurity","Engineering","Remote","Open","14.71","24","Yes","Yes","No","Medium","Unknown"
"INC-00918","2025-01-22","10:54","P3","Email & Collaboration","Teams","Virtual Infrastructure","Service Desk","Procurement","Site B","In Progress","14.84","24","Yes","No","No","Medium","Hardware Failure"
"INC-00919","2025-02-28","17:07","P3","Hardware","Peripheral","Email & Collaboration","Infrastructure","HR","Site A","Resolved","11.9","24","Yes","Yes","No","Medium","Access Control"
"INC-00920","2025-04-06","13:20","P3","Server & Infrastructure","Server Availability","Active Directory","Network Team","Finance","Head Office","Closed","13.8","24","Yes","Yes","No","Medium","User Error"
"INC-00921","2025-05-13","09:33","P3","Network","Wi-Fi","Printing","Systems Administration","IT","Regional Office","Open","15.23","24","Yes","No","No","Medium","Network Issue"
"INC-00922","2025-06-19","16:46","P3","Security","Policy","File Services","Application Support","Project Management","Remote","In Progress","15.36","24","Yes","Yes","Yes","Medium","Capacity"
"INC-00923","2025-07-26","12:59","P3","Software","Licensing","Corporate Network","Cybersecurity","Administration","Site B","Resolved","9.5","24","Yes","Yes","No","Medium","Configuration"
"INC-00924","2025-09-01","08:12","P4","Access Management","Password Reset","Endpoint Management","Service Desk","Operations","Site A","Closed","18.5","48","Yes","No","No","Low","Application Defect"
"INC-00925","2025-10-08","15:25","P4","Email & Collaboration","Calendar","Service Desk","Infrastructure","Engineering","Head Office","Open","15.75","48","Yes","Yes","No","Low","Unknown"
"INC-00926","2025-11-14","11:38","P4","Hardware","Printer","ERP","Network Team","Procurement","Regional Office","In Progress","15.88","48","Yes","Yes","No","Low","Hardware Failure"
"INC-00927","2025-12-21","18:51","P4","Server & Infrastructure","Backup","Business Applications","Systems Administration","HR","Remote","Resolved","11.5","48","Yes","No","Yes","Low","Access Control"
"INC-00928","2025-01-27","14:04","P4","Network","LAN","Virtual Infrastructure","Application Support","Finance","Site B","Closed","14.6","48","Yes","Yes","No","Low","User Error"
"INC-00929","2025-03-05","10:17","P2","Security","Endpoint Protection","Email & Collaboration","Cybersecurity","IT","Site A","Open","16.27","8","No","No","No","High","Network Issue"
"INC-00930","2025-04-11","17:30","P2","Software","Configuration","Active Directory","Service Desk","Project Management","Head Office","In Progress","16.4","8","No","Yes","No","High","Capacity"
"INC-00931","2025-05-18","13:43","P3","Access Management","MFA","Printing","Infrastructure","Administration","Regional Office","Resolved","14.5","24","Yes","Yes","No","Medium","Configuration"
"INC-00932","2025-06-24","09:56","P3","Email & Collaboration","Mailbox","File Services","Network Team","Operations","Remote","Closed","6.5","24","Yes","No","No","Medium","Application Defect"
"INC-00933","2025-07-31","16:09","P3","Hardware","Desktop","Corporate Network","Systems Administration","Engineering","Site B","Open","16.79","24","Yes","Yes","No","Medium","Unknown"
"INC-00934","2025-09-06","12:22","P3","Server & Infrastructure","Virtual Machine","Endpoint Management","Application Support","Procurement","Site A","In Progress","16.92","24","Yes","Yes","No","Medium","Hardware Failure"
"INC-00935","2025-10-13","08:35","P3","Network","VPN","Service Desk","Cybersecurity","HR","Head Office","Resolved","12.1","24","Yes","No","No","Medium","Access Control"
"INC-00936","2025-11-19","15:48","P3","Security","Suspicious Activity","ERP","Service Desk","Finance","Regional Office","Closed","14","24","Yes","Yes","No","Medium","User Error"
"INC-00937","2025-12-26","11:01","P3","Software","Installation","Business Applications","Infrastructure","IT","Remote","Open","17.31","24","Yes","No","No","Medium","Network Issue"
"INC-00938","2025-02-01","18:14","P4","Access Management","Permission","Virtual Infrastructure","Network Team","Project Management","Site B","In Progress","17.44","48","Yes","Yes","No","Low","Capacity"
"INC-00939","2025-03-10","14:27","P4","Email & Collaboration","Distribution List","Email & Collaboration","Systems Administration","Administration","Site A","Resolved","15.8","48","Yes","Yes","No","Low","Configuration"
"INC-00940","2025-04-16","10:40","P4","Hardware","Laptop","Active Directory","Application Support","Operations","Head Office","Closed","18.9","48","Yes","No","No","Low","Application Defect"
"INC-00941","2025-05-23","17:53","P4","Server & Infrastructure","Storage","Printing","Cybersecurity","Engineering","Regional Office","Open","17.83","48","Yes","Yes","No","Low","Unknown"
"INC-00942","2025-06-29","13:06","P4","Network","DNS","File Services","Service Desk","Procurement","Remote","In Progress","17.96","48","Yes","Yes","No","Low","Hardware Failure"
"INC-00943","2025-08-05","09:19","P1","Security","Phishing","Corporate Network","Infrastructure","HR","Site B","Resolved","2.3","4","Yes","No","No","Critical","Access Control"
"INC-00944","2025-09-11","16:32","P2","Software","Application Error","Endpoint Management","Network Team","Finance","Site A","Closed","4.6","8","Yes","Yes","No","High","User Error"
"INC-00945","2025-10-18","12:45","P3","Access Management","Account Lockout","Service Desk","Systems Administration","IT","Head Office","Open","0.85","24","Yes","No","No","Medium","Network Issue"
"INC-00946","2025-11-24","08:58","P3","Email & Collaboration","Teams","ERP","Application Support","Project Management","Regional Office","In Progress","0.98","24","Yes","Yes","No","Medium","Capacity"
"INC-00947","2025-12-31","15:11","P3","Hardware","Peripheral","Business Applications","Cybersecurity","Administration","Remote","Resolved","14.7","24","Yes","Yes","No","Medium","Configuration"
"INC-00948","2025-02-06","11:24","P3","Server & Infrastructure","Server Availability","Virtual Infrastructure","Service Desk","Operations","Site B","Closed","6.7","24","Yes","No","No","Medium","Application Defect"
"INC-00949","2025-03-15","18:37","P3","Network","Wi-Fi","Email & Collaboration","Infrastructure","Engineering","Site A","Open","1.37","24","Yes","Yes","No","Medium","Unknown"
"INC-00950","2025-04-21","14:50","P3","Security","Policy","Active Directory","Network Team","Procurement","Head Office","In Progress","1.5","24","Yes","Yes","No","Medium","Hardware Failure"
"INC-00951","2025-05-28","10:03","P3","Software","Licensing","Printing","Systems Administration","HR","Regional Office","Resolved","12.3","24","Yes","No","No","Medium","Access Control"
"INC-00952","2025-07-04","17:16","P3","Access Management","Password Reset","File Services","Application Support","Finance","Remote","Closed","14.2","24","Yes","Yes","No","Medium","User Error"
"INC-00953","2025-08-10","13:29","P4","Email & Collaboration","Calendar","Corporate Network","Cybersecurity","IT","Site B","Open","1.89","48","Yes","Yes","No","Low","Network Issue"
"INC-00954","2025-09-16","09:42","P4","Hardware","Printer","Endpoint Management","Service Desk","Project Management","Site A","In Progress","2.02","48","Yes","No","No","Low","Capacity"
"INC-00955","2025-10-23","16:55","P4","Server & Infrastructure","Backup","Service Desk","Infrastructure","Administration","Head Office","Resolved","16.2","48","Yes","Yes","No","Low","Configuration"
"INC-00956","2025-11-29","12:08","P4","Network","LAN","ERP","Network Team","Operations","Regional Office","Closed","19.3","48","Yes","Yes","No","Low","Application Defect"
"INC-00957","2025-01-05","08:21","P4","Security","Endpoint Protection","Business Applications","Systems Administration","Engineering","Remote","Open","2.41","48","Yes","Yes","No","Low","Unknown"
"INC-00958","2025-02-11","15:34","P2","Software","Configuration","Virtual Infrastructure","Application Support","Procurement","Site B","In Progress","2.54","8","Yes","No","No","High","Hardware Failure"
"INC-00959","2025-03-20","11:47","P2","Access Management","MFA","Email & Collaboration","Cybersecurity","HR","Site A","Resolved","3.7","8","Yes","No","No","High","Access Control"
"INC-00960","2025-04-26","18:00","P3","Email & Collaboration","Mailbox","Active Directory","Service Desk","Finance","Head Office","Closed","9.4","24","Yes","Yes","No","Medium","User Error"
"INC-00961","2025-06-02","14:13","P3","Hardware","Desktop","Printing","Infrastructure","IT","Regional Office","Open","2.93","24","Yes","Yes","Yes","Medium","Network Issue"
"INC-00962","2025-07-09","10:26","P3","Server & Infrastructure","Virtual Machine","File Services","Network Team","Project Management","Remote","In Progress","3.06","24","Yes","No","No","Medium","Capacity"
"INC-00963","2025-08-15","17:39","P3","Network","VPN","Corporate Network","Systems Administration","Administration","Site B","Resolved","15","24","Yes","Yes","No","Medium","Configuration"
"INC-00964","2025-09-21","13:52","P3","Security","Suspicious Activity","Endpoint Management","Application Support","Operations","Site A","Closed","6.9","24","Yes","No","No","Medium","Application Defect"
"INC-00965","2025-10-28","09:05","P3","Software","Installation","Service Desk","Cybersecurity","Engineering","Head Office","Open","3.45","24","Yes","Yes","No","Medium","Unknown"
"INC-00966","2025-12-04","16:18","P3","Access Management","Permission","ERP","Service Desk","Procurement","Regional Office","In Progress","3.58","24","Yes","Yes","No","Medium","Hardware Failure"
"INC-00967","2025-01-10","12:31","P4","Email & Collaboration","Distribution List","Business Applications","Infrastructure","HR","Remote","Resolved","20.5","48","Yes","No","No","Low","Access Control"
"INC-00968","2025-02-16","08:44","P4","Hardware","Laptop","Virtual Infrastructure","Network Team","Finance","Site B","Closed","23.6","48","Yes","Yes","No","Low","User Error"
"INC-00969","2025-03-25","15:57","P4","Server & Infrastructure","Storage","Email & Collaboration","Systems Administration","IT","Site A","Open","3.97","48","Yes","Yes","No","Low","Network Issue"
"INC-00970","2025-05-01","11:10","P4","Network","DNS","Active Directory","Application Support","Project Management","Head Office","In Progress","4.1","48","Yes","No","No","Low","Capacity"
"INC-00971","2025-06-07","18:23","P4","Security","Phishing","Printing","Cybersecurity","Administration","Regional Office","Resolved","16.6","48","Yes","Yes","No","Low","Configuration"
"INC-00972","2025-07-14","14:36","P2","Software","Application Error","File Services","Service Desk","Operations","Remote","Closed","6","8","Yes","No","No","High","Application Defect"
"INC-00973","2025-08-20","10:49","P2","Access Management","Account Lockout","Corporate Network","Infrastructure","Engineering","Site B","Open","4.49","8","Yes","Yes","No","High","Unknown"
"INC-00974","2025-09-26","17:02","P3","Email & Collaboration","Teams","Endpoint Management","Network Team","Procurement","Site A","In Progress","4.62","24","Yes","Yes","No","Medium","Hardware Failure"
"INC-00975","2025-11-02","13:15","P3","Hardware","Peripheral","Service Desk","Systems Administration","HR","Head Office","Resolved","7.7","24","Yes","No","No","Medium","Access Control"
"INC-00976","2025-12-09","09:28","P3","Server & Infrastructure","Server Availability","ERP","Application Support","Finance","Regional Office","Closed","9.6","24","Yes","Yes","No","Medium","User Error"
"INC-00977","2025-01-15","16:41","P3","Network","Wi-Fi","Business Applications","Cybersecurity","IT","Remote","Open","5.01","24","Yes","Yes","No","Medium","Network Issue"
"INC-00978","2025-02-21","12:54","P3","Security","Policy","Virtual Infrastructure","Service Desk","Project Management","Site B","In Progress","5.14","24","Yes","No","No","Medium","Capacity"
"INC-00979","2025-03-30","08:07","P3","Software","Licensing","Email & Collaboration","Infrastructure","Administration","Site A","Resolved","15.2","24","Yes","Yes","No","Medium","Configuration"
"INC-00980","2025-05-06","15:20","P3","Access Management","Password Reset","Active Directory","Network Team","Operations","Head Office","Closed","7.2","24","Yes","Yes","No","Medium","Application Defect"
"INC-00981","2025-06-12","11:33","P4","Email & Collaboration","Calendar","Printing","Systems Administration","Engineering","Regional Office","Open","5.53","48","Yes","No","No","Low","Unknown"
"INC-00982","2025-07-19","18:46","P4","Hardware","Printer","File Services","Application Support","Procurement","Remote","In Progress","5.66","48","Yes","Yes","No","Low","Hardware Failure"
"INC-00983","2025-08-25","14:59","P4","Server & Infrastructure","Backup","Corporate Network","Cybersecurity","HR","Site B","Resolved","20.9","48","Yes","Yes","Yes","Low","Access Control"
"INC-00984","2025-10-01","10:12","P4","Network","LAN","Endpoint Management","Service Desk","Finance","Site A","Closed","23.9","48","Yes","Yes","No","Low","User Error"
"INC-00985","2025-11-07","17:25","P4","Security","Endpoint Protection","Service Desk","Infrastructure","IT","Head Office","Open","6.05","48","Yes","Yes","No","Low","Network Issue"
"INC-00986","2025-12-14","13:38","P1","Software","Configuration","ERP","Network Team","Project Management","Regional Office","In Progress","6.18","4","No","No","No","Critical","Capacity"
"INC-00987","2025-01-20","09:51","P2","Access Management","MFA","Business Applications","Systems Administration","Administration","Remote","Resolved","5.2","8","Yes","Yes","No","High","Configuration"
"INC-00988","2025-02-26","16:04","P3","Email & Collaboration","Mailbox","Virtual Infrastructure","Application Support","Operations","Site B","Closed","12.2","24","Yes","Yes","No","Medium","Application Defect"
"INC-00989","2025-04-04","12:17","P3","Hardware","Desktop","Email & Collaboration","Cybersecurity","Engineering","Site A","Open","6.57","24","Yes","No","No","Medium","Unknown"
"INC-00990","2025-05-11","08:30","P3","Server & Infrastructure","Virtual Machine","Active Directory","Service Desk","Procurement","Head Office","In Progress","6.7","24","Yes","Yes","No","Medium","Hardware Failure"
"INC-00991","2025-06-17","15:43","P3","Network","VPN","Printing","Infrastructure","HR","Regional Office","Resolved","7.9","24","Yes","No","No","Medium","Access Control"
"INC-00992","2025-07-24","11:56","P3","Security","Suspicious Activity","File Services","Network Team","Finance","Remote","Closed","9.8","24","Yes","Yes","No","Medium","User Error"
"INC-00993","2025-08-30","18:09","P3","Software","Installation","Corporate Network","Systems Administration","IT","Site B","Open","7.09","24","Yes","Yes","No","Medium","Network Issue"
"INC-00994","2025-10-06","14:22","P3","Access Management","Permission","Endpoint Management","Application Support","Project Management","Site A","In Progress","7.22","24","Yes","No","No","Medium","Capacity"
"INC-00995","2025-11-12","10:35","P4","Email & Collaboration","Distribution List","Service Desk","Cybersecurity","Administration","Head Office","Resolved","25.2","48","Yes","Yes","No","Low","Configuration"
"INC-00996","2025-12-19","17:48","P4","Hardware","Laptop","ERP","Service Desk","Operations","Regional Office","Closed","12.1","48","Yes","Yes","No","Low","Application Defect"
"INC-00997","2025-01-25","13:01","P4","Server & Infrastructure","Storage","Business Applications","Infrastructure","Engineering","Remote","Open","7.61","48","Yes","No","No","Low","Unknown"
"INC-00998","2025-03-03","09:14","P4","Network","DNS","Virtual Infrastructure","Network Team","Procurement","Site B","In Progress","7.74","48","Yes","Yes","No","Low","Hardware Failure"
"INC-00999","2025-04-09","16:27","P4","Security","Phishing","Email & Collaboration","Systems Administration","HR","Site A","Resolved","21.2","48","Yes","Yes","No","Low","Access Control"
"INC-01000","2025-05-16","12:40","P1","Software","Application Error","Active Directory","Application Support","Finance","Head Office","Closed","4.7","4","No","Yes","Yes","Critical","User Error"
"INC-01001","2025-06-22","08:53","P2","Access Management","Account Lockout","Printing","Cybersecurity","IT","Regional Office","Open","8.13","8","No","No","No","High","Network Issue"
"INC-01002","2025-07-29","15:06","P2","Email & Collaboration","Teams","File Services","Service Desk","Project Management","Remote","In Progress","8.26","8","No","No","No","High","Capacity"
"INC-01003","2025-09-04","11:19","P3","Hardware","Peripheral","Corporate Network","Infrastructure","Administration","Site B","Resolved","10.6","24","Yes","Yes","No","Medium","Configuration"
"INC-01004","2025-10-11","18:32","P3","Server & Infrastructure","Server Availability","Endpoint Management","Network Team","Operations","Site A","Closed","12.4","24","Yes","Yes","No","Medium","Application Defect"
"INC-01005","2025-11-17","14:45","P3","Network","Wi-Fi","Service Desk","Systems Administration","Engineering","Head Office","Open","8.65","24","Yes","No","Yes","Medium","Unknown"
"INC-01006","2025-12-24","10:58","P3","Security","Policy","ERP","Application Support","Procurement","Regional Office","In Progress","8.78","24","Yes","Yes","No","Medium","Hardware Failure"
"INC-01007","2025-01-30","17:11","P3","Software","Licensing","Business Applications","Cybersecurity","HR","Remote","Resolved","8.1","24","Yes","Yes","No","Medium","Access Control"
"INC-01008","2025-03-08","13:24","P3","Access Management","Password Reset","Virtual Infrastructure","Service Desk","Finance","Site B","Closed","10","24","Yes","No","No","Medium","User Error"
"INC-01009","2025-04-14","09:37","P3","Email & Collaboration","Calendar","Email & Collaboration","Infrastructure","IT","Site A","Open","9.17","24","Yes","Yes","No","Medium","Network Issue"
"INC-01010","2025-05-21","16:50","P4","Hardware","Printer","Active Directory","Network Team","Project Management","Head Office","In Progress","9.3","48","Yes","Yes","No","Low","Capacity"
"INC-01011","2025-06-27","12:03","P4","Server & Infrastructure","Backup","Printing","Systems Administration","Administration","Regional Office","Resolved","25.6","48","Yes","Yes","No","Low","Configuration"
"INC-01012","2025-08-03","08:16","P4","Network","LAN","File Services","Application Support","Operations","Remote","Closed","12.4","48","Yes","Yes","No","Low","Application Defect"
"INC-01013","2025-09-09","15:29","P4","Security","Endpoint Protection","Corporate Network","Cybersecurity","Engineering","Site B","Open","9.69","48","Yes","No","No","Low","Unknown"
"INC-01014","2025-10-16","11:42","P4","Software","Configuration","Endpoint Management","Service Desk","Procurement","Site A","In Progress","9.82","48","Yes","Yes","No","Low","Hardware Failure"
"INC-01015","2025-11-22","18:55","P2","Access Management","MFA","Service Desk","Infrastructure","HR","Head Office","Resolved","6.6","8","Yes","No","No","High","Access Control"
"INC-01016","2025-12-29","14:08","P2","Email & Collaboration","Mailbox","ERP","Network Team","Finance","Regional Office","Closed","7.5","8","Yes","No","No","High","User Error"
"INC-01017","2025-02-04","10:21","P3","Hardware","Desktop","Business Applications","Systems Administration","IT","Remote","Open","10.21","24","Yes","Yes","No","Medium","Network Issue"
"INC-01018","2025-03-13","17:34","P3","Server & Infrastructure","Virtual Machine","Virtual Infrastructure","Application Support","Project Management","Site B","In Progress","10.34","24","Yes","No","No","Medium","Capacity"
"INC-01019","2025-04-19","13:47","P3","Network","VPN","Email & Collaboration","Cybersecurity","Administration","Site A","Resolved","10.8","24","Yes","Yes","No","Medium","Configuration"
"INC-01020","2025-05-26","09:00","P3","Security","Suspicious Activity","Active Directory","Service Desk","Operations","Head Office","Closed","12.7","24","Yes","Yes","No","Medium","Application Defect"
"INC-01021","2025-07-02","16:13","P3","Software","Installation","Printing","Infrastructure","Engineering","Regional Office","Open","10.73","24","Yes","No","No","Medium","Unknown"
"INC-01022","2025-08-08","12:26","P3","Access Management","Permission","File Services","Network Team","Procurement","Remote","In Progress","10.86","24","Yes","Yes","Yes","Medium","Hardware Failure"
"INC-01023","2025-09-14","08:39","P3","Email & Collaboration","Distribution List","Corporate Network","Systems Administration","HR","Site B","Resolved","8.4","24","Yes","Yes","No","Medium","Access Control"
"INC-01024","2025-10-21","15:52","P4","Hardware","Laptop","Endpoint Management","Application Support","Finance","Site A","Closed","16.7","48","Yes","No","No","Low","User Error"
"INC-01025","2025-11-27","11:05","P4","Server & Infrastructure","Storage","Service Desk","Cybersecurity","IT","Head Office","Open","11.25","48","Yes","Yes","No","Low","Network Issue"
"INC-01026","2025-01-03","18:18","P4","Network","DNS","ERP","Service Desk","Project Management","Regional Office","In Progress","11.38","48","Yes","Yes","No","Low","Capacity"
"INC-01027","2025-02-09","14:31","P4","Security","Phishing","Business Applications","Infrastructure","Administration","Remote","Resolved","25.9","48","Yes","No","Yes","Low","Configuration"
"INC-01028","2025-03-18","10:44","P4","Software","Application Error","Virtual Infrastructure","Network Team","Operations","Site B","Closed","12.8","48","Yes","Yes","No","Low","Application Defect"
"INC-01029","2025-04-24","17:57","P2","Access Management","Account Lockout","Email & Collaboration","Systems Administration","Engineering","Site A","Open","11.77","8","No","No","No","High","Unknown"
"INC-01030","2025-05-31","13:10","P2","Email & Collaboration","Teams","Active Directory","Application Support","Procurement","Head Office","In Progress","11.9","8","No","Yes","No","High","Hardware Failure"
"INC-01031","2025-07-07","09:23","P3","Hardware","Peripheral","Printing","Cybersecurity","HR","Regional Office","Resolved","13.4","24","Yes","Yes","No","Medium","Access Control"
"INC-01032","2025-08-13","16:36","P3","Server & Infrastructure","Server Availability","File Services","Service Desk","Finance","Remote","Closed","15.3","24","Yes","No","No","Medium","User Error"
"INC-01033","2025-09-19","12:49","P3","Network","Wi-Fi","Corporate Network","Infrastructure","IT","Site B","Open","12.29","24","Yes","Yes","No","Medium","Network Issue"
"INC-01034","2025-10-26","08:02","P3","Security","Policy","Endpoint Management","Network Team","Project Management","Site A","In Progress","12.42","24","Yes","Yes","No","Medium","Capacity"
"INC-01035","2025-12-02","15:15","P3","Software","Licensing","Service Desk","Systems Administration","Administration","Head Office","Resolved","11","24","Yes","No","No","Medium","Configuration"
"INC-01036","2025-01-08","11:28","P3","Access Management","Password Reset","ERP","Application Support","Operations","Regional Office","Closed","12.9","24","Yes","Yes","No","Medium","Application Defect"
"INC-01037","2025-02-14","18:41","P3","Email & Collaboration","Calendar","Business Applications","Cybersecurity","Engineering","Remote","Open","12.81","24","Yes","No","No","Medium","Unknown"
"INC-01038","2025-03-23","14:54","P4","Hardware","Printer","Virtual Infrastructure","Service Desk","Procurement","Site B","In Progress","12.94","48","Yes","Yes","No","Low","Hardware Failure"
"INC-01039","2025-04-29","10:07","P4","Server & Infrastructure","Backup","Email & Collaboration","Infrastructure","HR","Site A","Resolved","14","48","Yes","Yes","No","Low","Access Control"
"INC-01040","2025-06-05","17:20","P4","Network","LAN","Active Directory","Network Team","Finance","Head Office","Closed","17.1","48","Yes","No","No","Low","User Error"
"INC-01041","2025-07-12","13:33","P4","Security","Endpoint Protection","Printing","Systems Administration","IT","Regional Office","Open","13.33","48","Yes","Yes","No","Low","Network Issue"
"INC-01042","2025-08-18","09:46","P4","Software","Configuration","File Services","Application Support","Project Management","Remote","In Progress","13.46","48","Yes","Yes","No","Low","Capacity"
"INC-01043","2025-09-24","16:59","P1","Access Management","MFA","Corporate Network","Cybersecurity","Administration","Site B","Resolved","2","4","Yes","No","No","Critical","Configuration"
"INC-01044","2025-10-31","12:12","P2","Email & Collaboration","Mailbox","Endpoint Management","Service Desk","Operations","Site A","Closed","4","8","Yes","Yes","No","High","Application Defect"
"INC-01045","2025-12-07","08:25","P3","Hardware","Desktop","Service Desk","Infrastructure","Engineering","Head Office","Open","13.85","24","Yes","No","No","Medium","Unknown"
"INC-01046","2025-01-13","15:38","P3","Server & Infrastructure","Virtual Machine","ERP","Network Team","Procurement","Regional Office","In Progress","13.98","24","Yes","Yes","No","Medium","Hardware Failure"
"INC-01047","2025-02-19","11:51","P3","Network","VPN","Business Applications","Systems Administration","HR","Remote","Resolved","13.6","24","Yes","Yes","No","Medium","Access Control"
"INC-01048","2025-03-28","18:04","P3","Security","Suspicious Activity","Virtual Infrastructure","Application Support","Finance","Site B","Closed","15.5","24","Yes","No","No","Medium","User Error"
"INC-01049","2025-05-04","14:17","P3","Software","Installation","Email & Collaboration","Cybersecurity","IT","Site A","Open","14.37","24","Yes","Yes","No","Medium","Network Issue"
"INC-01050","2025-06-10","10:30","P3","Access Management","Permission","Active Directory","Service Desk","Project Management","Head Office","In Progress","14.5","24","Yes","Yes","No","Medium","Capacity"
"INC-01051","2025-07-17","17:43","P3","Email & Collaboration","Distribution List","Printing","Infrastructure","Administration","Regional Office","Resolved","11.2","24","Yes","No","No","Medium","Configuration"
"INC-01052","2025-08-23","13:56","P3","Hardware","Laptop","File Services","Network Team","Operations","Remote","Closed","13.1","24","Yes","Yes","No","Medium","Application Defect"
"INC-01053","2025-09-29","09:09","P4","Server & Infrastructure","Storage","Corporate Network","Systems Administration","Engineering","Site B","Open","14.89","48","Yes","Yes","No","Low","Unknown"
"INC-01054","2025-11-05","16:22","P4","Network","DNS","Endpoint Management","Application Support","Procurement","Site A","In Progress","15.02","48","Yes","No","No","Low","Hardware Failure"
"INC-01055","2025-12-12","12:35","P4","Security","Phishing","Service Desk","Cybersecurity","HR","Head Office","Resolved","14.4","48","Yes","Yes","No","Low","Access Control"
"INC-01056","2025-01-18","08:48","P4","Software","Application Error","ERP","Service Desk","Finance","Regional Office","Closed","17.5","48","Yes","Yes","No","Low","User Error"
"INC-01057","2025-02-24","15:01","P4","Access Management","Account Lockout","Business Applications","Infrastructure","IT","Remote","Open","15.41","48","Yes","Yes","No","Low","Network Issue"
"INC-01058","2025-04-02","11:14","P2","Email & Collaboration","Teams","Virtual Infrastructure","Network Team","Project Management","Site B","In Progress","15.54","8","No","No","No","High","Capacity"
"INC-01059","2025-05-09","18:27","P2","Hardware","Peripheral","Email & Collaboration","Systems Administration","Administration","Site A","Resolved","3.2","8","Yes","No","No","High","Configuration"
"INC-01060","2025-06-15","14:40","P3","Server & Infrastructure","Server Availability","Active Directory","Application Support","Operations","Head Office","Closed","8.3","24","Yes","Yes","No","Medium","Application Defect"
"INC-01061","2025-07-22","10:53","P3","Network","Wi-Fi","Printing","Cybersecurity","Engineering","Regional Office","Open","15.93","24","Yes","Yes","Yes","Medium","Unknown"
"INC-01062","2025-08-28","17:06","P3","Security","Policy","File Services","Service Desk","Procurement","Remote","In Progress","16.06","24","Yes","No","No","Medium","Hardware Failure"
"INC-01063","2025-10-04","13:19","P3","Software","Licensing","Corporate Network","Infrastructure","HR","Site B","Resolved","13.9","24","Yes","Yes","No","Medium","Access Control"
"INC-01064","2025-11-10","09:32","P3","Access Management","Password Reset","Endpoint Management","Network Team","Finance","Site A","Closed","15.7","24","Yes","No","No","Medium","User Error"
"INC-01065","2025-12-17","16:45","P3","Email & Collaboration","Calendar","Service Desk","Systems Administration","IT","Head Office","Open","16.45","24","Yes","Yes","No","Medium","Network Issue"
"INC-01066","2025-01-23","12:58","P3","Hardware","Printer","ERP","Application Support","Project Management","Regional Office","In Progress","16.58","24","Yes","Yes","No","Medium","Capacity"
"INC-01067","2025-03-01","08:11","P4","Server & Infrastructure","Backup","Business Applications","Cybersecurity","Administration","Remote","Resolved","18.7","48","Yes","No","No","Low","Configuration"
"INC-01068","2025-04-07","15:24","P4","Network","LAN","Virtual Infrastructure","Service Desk","Operations","Site B","Closed","21.8","48","Yes","Yes","No","Low","Application Defect"
"INC-01069","2025-05-14","11:37","P4","Security","Endpoint Protection","Email & Collaboration","Infrastructure","Engineering","Site A","Open","16.97","48","Yes","Yes","No","Low","Unknown"
"INC-01070","2025-06-20","18:50","P4","Software","Configuration","Active Directory","Network Team","Procurement","Head Office","In Progress","17.1","48","Yes","No","No","Low","Hardware Failure"
"INC-01071","2025-07-27","14:03","P4","Access Management","MFA","Printing","Systems Administration","HR","Regional Office","Resolved","14.8","48","Yes","Yes","No","Low","Access Control"
"INC-01072","2025-09-02","10:16","P2","Email & Collaboration","Mailbox","File Services","Application Support","Finance","Remote","Closed","5.4","8","Yes","No","No","High","User Error"
"INC-01073","2025-10-09","17:29","P2","Hardware","Desktop","Corporate Network","Cybersecurity","IT","Site B","Open","17.49","8","No","Yes","No","High","Network Issue"
"INC-01074","2025-11-15","13:42","P3","Server & Infrastructure","Virtual Machine","Endpoint Management","Service Desk","Project Management","Site A","In Progress","17.62","24","Yes","Yes","No","Medium","Capacity"
"INC-01075","2025-12-22","09:55","P3","Network","VPN","Service Desk","Infrastructure","Administration","Head Office","Resolved","6.6","24","Yes","No","No","Medium","Configuration"
"INC-01076","2025-01-28","16:08","P3","Security","Suspicious Activity","ERP","Network Team","Operations","Regional Office","Closed","8.5","24","Yes","Yes","No","Medium","Application Defect"
"INC-01077","2025-03-06","12:21","P3","Software","Installation","Business Applications","Systems Administration","Engineering","Remote","Open","0.51","24","Yes","Yes","No","Medium","Unknown"
"INC-01078","2025-04-12","08:34","P3","Access Management","Permission","Virtual Infrastructure","Application Support","Procurement","Site B","In Progress","0.64","24","Yes","No","No","Medium","Hardware Failure"
"INC-01079","2025-05-19","15:47","P3","Email & Collaboration","Distribution List","Email & Collaboration","Cybersecurity","HR","Site A","Resolved","14.1","24","Yes","Yes","No","Medium","Access Control"
"INC-01080","2025-06-25","11:00","P3","Hardware","Laptop","Active Directory","Service Desk","Finance","Head Office","Closed","6.1","24","Yes","Yes","No","Medium","User Error"
"INC-01081","2025-08-01","18:13","P4","Server & Infrastructure","Storage","Printing","Infrastructure","IT","Regional Office","Open","1.03","48","Yes","No","No","Low","Network Issue"
"INC-01082","2025-09-07","14:26","P4","Network","DNS","File Services","Network Team","Project Management","Remote","In Progress","1.16","48","Yes","Yes","No","Low","Capacity"
"INC-01083","2025-10-14","10:39","P4","Security","Phishing","Corporate Network","Systems Administration","Administration","Site B","Resolved","19.1","48","Yes","Yes","Yes","Low","Configuration"
"INC-01084","2025-11-20","17:52","P4","Software","Application Error","Endpoint Management","Application Support","Operations","Site A","Closed","22.1","48","Yes","Yes","No","Low","Application Defect"
"INC-01085","2025-12-27","13:05","P4","Access Management","Account Lockout","Service Desk","Cybersecurity","Engineering","Head Office","Open","1.55","48","Yes","Yes","No","Low","Unknown"
"INC-01086","2025-02-02","09:18","P1","Email & Collaboration","Teams","ERP","Service Desk","Procurement","Regional Office","In Progress","1.68","4","Yes","No","No","Critical","Hardware Failure"
"INC-01087","2025-03-11","16:31","P2","Hardware","Peripheral","Business Applications","Infrastructure","HR","Remote","Resolved","4.6","8","Yes","Yes","No","High","Access Control"
"INC-01088","2025-04-17","12:44","P3","Server & Infrastructure","Server Availability","Virtual Infrastructure","Network Team","Finance","Site B","Closed","11.1","24","Yes","Yes","No","Medium","User Error"
"INC-01089","2025-05-24","08:57","P3","Network","Wi-Fi","Email & Collaboration","Systems Administration","IT","Site A","Open","2.07","24","Yes","No","No","Medium","Network Issue"
"INC-01090","2025-06-30","15:10","P3","Security","Policy","Active Directory","Application Support","Project Management","Head Office","In Progress","2.2","24","Yes","Yes","No","Medium","Capacity"
"INC-01091","2025-08-06","11:23","P3","Software","Licensing","Printing","Cybersecurity","Administration","Regional Office","Resolved","6.8","24","Yes","No","No","Medium","Configuration"
"INC-01092","2025-09-12","18:36","P3","Access Management","Password Reset","File Services","Service Desk","Operations","Remote","Closed","8.7","24","Yes","Yes","No","Medium","Application Defect"
"INC-01093","2025-10-19","14:49","P3","Email & Collaboration","Calendar","Corporate Network","Infrastructure","Engineering","Site B","Open","2.59","24","Yes","Yes","No","Medium","Unknown"
"INC-01094","2025-11-25","10:02","P3","Hardware","Printer","Endpoint Management","Network Team","Procurement","Site A","In Progress","2.72","24","Yes","No","No","Medium","Hardware Failure"
"INC-01095","2025-01-01","17:15","P4","Server & Infrastructure","Backup","Service Desk","Systems Administration","HR","Head Office","Resolved","23.4","48","Yes","Yes","No","Low","Access Control"
"INC-01096","2025-02-07","13:28","P4","Network","LAN","ERP","Application Support","Finance","Regional Office","Closed","10.3","48","Yes","Yes","No","Low","User Error"
"INC-01097","2025-03-16","09:41","P4","Security","Endpoint Protection","Business Applications","Cybersecurity","IT","Remote","Open","3.11","48","Yes","No","No","Low","Network Issue"
"INC-01098","2025-04-22","16:54","P4","Software","Configuration","Virtual Infrastructure","Service Desk","Project Management","Site B","In Progress","3.24","48","Yes","Yes","No","Low","Capacity"
"INC-01099","2025-05-29","12:07","P4","Access Management","MFA","Email & Collaboration","Infrastructure","Administration","Site A","Resolved","19.4","48","Yes","Yes","No","Low","Configuration"
"INC-01100","2025-07-05","08:20","P1","Email & Collaboration","Mailbox","Active Directory","Network Team","Operations","Head Office","Closed","4.4","4","No","Yes","Yes","Critical","Application Defect"
"INC-01101","2025-08-11","15:33","P2","Hardware","Desktop","Printing","Systems Administration","Engineering","Regional Office","Open","3.63","8","Yes","No","No","High","Unknown"
"INC-01102","2025-09-17","11:46","P2","Server & Infrastructure","Virtual Machine","File Services","Application Support","Procurement","Remote","In Progress","3.76","8","Yes","No","No","High","Hardware Failure"
"INC-01103","2025-10-24","18:59","P3","Network","VPN","Corporate Network","Cybersecurity","HR","Site B","Resolved","9.5","24","Yes","Yes","No","Medium","Access Control"
"INC-01104","2025-11-30","14:12","P3","Security","Suspicious Activity","Endpoint Management","Service Desk","Finance","Site A","Closed","11.3","24","Yes","Yes","No","Medium","User Error"
"INC-01105","2025-01-06","10:25","P3","Software","Installation","Service Desk","Infrastructure","IT","Head Office","Open","4.15","24","Yes","No","Yes","Medium","Network Issue"
"INC-01106","2025-02-12","17:38","P3","Access Management","Permission","ERP","Network Team","Project Management","Regional Office","In Progress","4.28","24","Yes","Yes","No","Medium","Capacity"
"INC-01107","2025-03-21","13:51","P3","Email & Collaboration","Distribution List","Business Applications","Systems Administration","Administration","Remote","Resolved","7","24","Yes","Yes","No","Medium","Configuration"
"INC-01108","2025-04-27","09:04","P3","Hardware","Laptop","Virtual Infrastructure","Application Support","Operations","Site B","Closed","8.9","24","Yes","No","No","Medium","Application Defect"
"INC-01109","2025-06-03","16:17","P3","Server & Infrastructure","Storage","Email & Collaboration","Cybersecurity","Engineering","Site A","Open","4.67","24","Yes","Yes","No","Medium","Unknown"
"INC-01110","2025-07-10","12:30","P4","Network","DNS","Active Directory","Service Desk","Procurement","Head Office","In Progress","4.8","48","Yes","Yes","No","Low","Hardware Failure"
"INC-01111","2025-08-16","08:43","P4","Security","Phishing","Printing","Infrastructure","HR","Regional Office","Resolved","23.8","48","Yes","Yes","No","Low","Access Control"
"INC-01112","2025-09-22","15:56","P4","Software","Application Error","File Services","Network Team","Finance","Remote","Closed","10.6","48","Yes","Yes","No","Low","User Error"
"INC-01113","2025-10-29","11:09","P4","Access Management","Account Lockout","Corporate Network","Systems Administration","IT","Site B","Open","5.19","48","Yes","No","No","Low","Network Issue"
"INC-01114","2025-12-05","18:22","P4","Email & Collaboration","Teams","Endpoint Management","Application Support","Project Management","Site A","In Progress","5.32","48","Yes","Yes","No","Low","Capacity"
"INC-01115","2025-01-11","14:35","P2","Hardware","Peripheral","Service Desk","Cybersecurity","Administration","Head Office","Resolved","6.1","8","Yes","No","No","High","Configuration"
"INC-01116","2025-02-17","10:48","P2","Server & Infrastructure","Server Availability","ERP","Service Desk","Operations","Regional Office","Closed","7","8","Yes","No","No","High","Application Defect"
"INC-01117","2025-03-26","17:01","P3","Network","Wi-Fi","Business Applications","Infrastructure","Engineering","Remote","Open","5.71","24","Yes","Yes","No","Medium","Unknown"
"INC-01118","2025-05-02","13:14","P3","Security","Policy","Virtual Infrastructure","Network Team","Procurement","Site B","In Progress","5.84","24","Yes","No","No","Medium","Hardware Failure"
"INC-01119","2025-06-08","09:27","P3","Software","Licensing","Email & Collaboration","Systems Administration","HR","Site A","Resolved","9.7","24","Yes","Yes","No","Medium","Access Control"
"INC-01120","2025-07-15","16:40","P3","Access Management","Password Reset","Active Directory","Application Support","Finance","Head Office","Closed","11.6","24","Yes","Yes","No","Medium","User Error"
"INC-01121","2025-08-21","12:53","P3","Email & Collaboration","Calendar","Printing","Cybersecurity","IT","Regional Office","Open","6.23","24","Yes","No","No","Medium","Network Issue"
"INC-01122","2025-09-27","08:06","P3","Hardware","Printer","File Services","Service Desk","Project Management","Remote","In Progress","6.36","24","Yes","Yes","Yes","Medium","Capacity"
"INC-01123","2025-11-03","15:19","P3","Server & Infrastructure","Backup","Corporate Network","Infrastructure","Administration","Site B","Resolved","7.3","24","Yes","Yes","No","Medium","Configuration"
"INC-01124","2025-12-10","11:32","P4","Network","LAN","Endpoint Management","Network Team","Operations","Site A","Closed","14.9","48","Yes","No","No","Low","Application Defect"
"INC-01125","2025-01-16","18:45","P4","Security","Endpoint Protection","Service Desk","Systems Administration","Engineering","Head Office","Open","6.75","48","Yes","Yes","No","Low","Unknown"
"INC-01126","2025-02-22","14:58","P4","Software","Configuration","ERP","Application Support","Procurement","Regional Office","In Progress","6.88","48","Yes","Yes","No","Low","Hardware Failure"
"INC-01127","2025-03-31","10:11","P4","Access Management","MFA","Business Applications","Cybersecurity","HR","Remote","Resolved","24.1","48","Yes","No","Yes","Low","Access Control"
"INC-01128","2025-05-07","17:24","P4","Email & Collaboration","Mailbox","Virtual Infrastructure","Service Desk","Finance","Site B","Closed","11","48","Yes","Yes","No","Low","User Error"
"INC-01129","2025-06-13","13:37","P2","Hardware","Desktop","Email & Collaboration","Infrastructure","IT","Site A","Open","7.27","8","Yes","No","No","High","Network Issue"
"INC-01130","2025-07-20","09:50","P2","Server & Infrastructure","Virtual Machine","Active Directory","Network Team","Project Management","Head Office","In Progress","7.4","8","Yes","Yes","No","High","Capacity"
"INC-01131","2025-08-26","16:03","P3","Network","VPN","Printing","Systems Administration","Administration","Regional Office","Resolved","12.3","24","Yes","Yes","No","Medium","Configuration"
"INC-01132","2025-10-02","12:16","P3","Security","Suspicious Activity","File Services","Application Support","Operations","Remote","Closed","14.2","24","Yes","No","No","Medium","Application Defect"
"INC-01133","2025-11-08","08:29","P3","Software","Installation","Corporate Network","Cybersecurity","Engineering","Site B","Open","7.79","24","Yes","Yes","No","Medium","Unknown"
"INC-01134","2025-12-15","15:42","P3","Access Management","Permission","Endpoint Management","Service Desk","Procurement","Site A","In Progress","7.92","24","Yes","Yes","No","Medium","Hardware Failure"
"INC-01135","2025-01-21","11:55","P3","Email & Collaboration","Distribution List","Service Desk","Infrastructure","HR","Head Office","Resolved","9.9","24","Yes","No","No","Medium","Access Control"
"INC-01136","2025-02-27","18:08","P3","Hardware","Laptop","ERP","Network Team","Finance","Regional Office","Closed","11.8","24","Yes","Yes","No","Medium","User Error"
"INC-01137","2025-04-05","14:21","P3","Server & Infrastructure","Storage","Business Applications","Systems Administration","IT","Remote","Open","8.31","24","Yes","No","No","Medium","Network Issue"
"INC-01138","2025-05-12","10:34","P4","Network","DNS","Virtual Infrastructure","Application Support","Project Management","Site B","In Progress","8.44","48","Yes","Yes","No","Low","Capacity"
"INC-01139","2025-06-18","17:47","P4","Security","Phishing","Email & Collaboration","Cybersecurity","Administration","Site A","Resolved","12.2","48","Yes","Yes","No","Low","Configuration"
"INC-01140","2025-07-25","13:00","P4","Software","Application Error","Active Directory","Service Desk","Operations","Head Office","Closed","15.3","48","Yes","No","No","Low","Application Defect"
"INC-01141","2025-08-31","09:13","P4","Access Management","Account Lockout","Printing","Infrastructure","Engineering","Regional Office","Open","8.83","48","Yes","Yes","No","Low","Unknown"
"INC-01142","2025-10-07","16:26","P4","Email & Collaboration","Teams","File Services","Network Team","Procurement","Remote","In Progress","8.96","48","Yes","Yes","No","Low","Hardware Failure"
"INC-01143","2025-11-13","12:39","P1","Hardware","Peripheral","Corporate Network","Systems Administration","HR","Site B","Resolved","4.8","4","No","No","No","Critical","Access Control"
"INC-01144","2025-12-20","08:52","P2","Server & Infrastructure","Server Availability","Endpoint Management","Application Support","Finance","Site A","Closed","3.5","8","Yes","Yes","No","High","User Error"
"INC-01145","2025-01-26","15:05","P3","Network","Wi-Fi","Service Desk","Cybersecurity","IT","Head Office","Open","9.35","24","Yes","No","No","Medium","Network Issue"
"INC-01146","2025-03-04","11:18","P3","Security","Policy","ERP","Service Desk","Project Management","Regional Office","In Progress","9.48","24","Yes","Yes","No","Medium","Capacity"
"INC-01147","2025-04-10","18:31","P3","Software","Licensing","Business Applications","Infrastructure","Administration","Remote","Resolved","12.5","24","Yes","Yes","No","Medium","Configuration"
"INC-01148","2025-05-17","14:44","P3","Access Management","Password Reset","Virtual Infrastructure","Network Team","Operations","Site B","Closed","14.4","24","Yes","No","No","Medium","Application Defect"
"INC-01149","2025-06-23","10:57","P3","Email & Collaboration","Calendar","Email & Collaboration","Systems Administration","Engineering","Site A","Open","9.87","24","Yes","Yes","No","Medium","Unknown"
"INC-01150","2025-07-30","17:10","P3","Hardware","Printer","Active Directory","Application Support","Procurement","Head Office","In Progress","10","24","Yes","Yes","No","Medium","Hardware Failure"
"INC-01151","2025-09-05","13:23","P3","Server & Infrastructure","Backup","Printing","Cybersecurity","HR","Regional Office","Resolved","10.1","24","Yes","No","No","Medium","Access Control"
"INC-01152","2025-10-12","09:36","P3","Network","LAN","File Services","Service Desk","Finance","Remote","Closed","12","24","Yes","Yes","No","Medium","User Error"
"INC-01153","2025-11-18","16:49","P4","Security","Endpoint Protection","Corporate Network","Infrastructure","IT","Site B","Open","10.39","48","Yes","Yes","No","Low","Network Issue"
"INC-01154","2025-12-25","12:02","P4","Software","Configuration","Endpoint Management","Network Team","Project Management","Site A","In Progress","10.52","48","Yes","No","No","Low","Capacity"
"INC-01155","2025-01-31","08:15","P4","Access Management","MFA","Service Desk","Systems Administration","Administration","Head Office","Resolved","12.6","48","Yes","Yes","No","Low","Configuration"
"INC-01156","2025-03-09","15:28","P4","Email & Collaboration","Mailbox","ERP","Application Support","Operations","Regional Office","Closed","15.7","48","Yes","Yes","No","Low","Application Defect"
"INC-01157","2025-04-15","11:41","P4","Hardware","Desktop","Business Applications","Cybersecurity","Engineering","Remote","Open","10.91","48","Yes","Yes","No","Low","Unknown"
"INC-01158","2025-05-22","18:54","P2","Server & Infrastructure","Virtual Machine","Virtual Infrastructure","Service Desk","Procurement","Site B","In Progress","11.04","8","No","No","No","High","Hardware Failure"
"INC-01159","2025-06-28","14:07","P2","Network","VPN","Email & Collaboration","Infrastructure","HR","Site A","Resolved","7.6","8","Yes","No","No","High","Access Control"
"INC-01160","2025-08-04","10:20","P3","Security","Suspicious Activity","Active Directory","Network Team","Finance","Head Office","Closed","7.2","24","Yes","Yes","No","Medium","User Error"
"INC-01161","2025-09-10","17:33","P3","Software","Installation","Printing","Systems Administration","IT","Regional Office","Open","11.43","24","Yes","Yes","Yes","Medium","Network Issue"
"INC-01162","2025-10-17","13:46","P3","Access Management","Permission","File Services","Application Support","Project Management","Remote","In Progress","11.56","24","Yes","No","No","Medium","Capacity"
"INC-01163","2025-11-23","09:59","P3","Email & Collaboration","Distribution List","Corporate Network","Cybersecurity","Administration","Site B","Resolved","12.8","24","Yes","Yes","No","Medium","Configuration"
"INC-01164","2025-12-30","16:12","P3","Hardware","Laptop","Endpoint Management","Service Desk","Operations","Site A","Closed","14.6","24","Yes","No","No","Medium","Application Defect"
"INC-01165","2025-02-05","12:25","P3","Server & Infrastructure","Storage","Service Desk","Infrastructure","Engineering","Head Office","Open","11.95","24","Yes","Yes","No","Medium","Unknown"
"INC-01166","2025-03-14","08:38","P3","Network","DNS","ERP","Network Team","Procurement","Regional Office","In Progress","12.08","24","Yes","Yes","No","Medium","Hardware Failure"
"INC-01167","2025-04-20","15:51","P4","Security","Phishing","Business Applications","Systems Administration","HR","Remote","Resolved","16.9","48","Yes","No","No","Low","Access Control"
"INC-01168","2025-05-27","11:04","P4","Software","Application Error","Virtual Infrastructure","Application Support","Finance","Site B","Closed","20","48","Yes","Yes","No","Low","User Error"
"INC-01169","2025-07-03","18:17","P4","Access Management","Account Lockout","Email & Collaboration","Cybersecurity","IT","Site A","Open","12.47","48","Yes","Yes","No","Low","Network Issue"
"INC-01170","2025-08-09","14:30","P4","Email & Collaboration","Teams","Active Directory","Service Desk","Project Management","Head Office","In Progress","12.6","48","Yes","No","No","Low","Capacity"
"INC-01171","2025-09-15","10:43","P4","Hardware","Peripheral","Printing","Infrastructure","Administration","Regional Office","Resolved","13","48","Yes","Yes","No","Low","Configuration"
"INC-01172","2025-10-22","17:56","P2","Server & Infrastructure","Server Availability","File Services","Network Team","Operations","Remote","Closed","4.9","8","Yes","No","No","High","Application Defect"
"INC-01173","2025-11-28","13:09","P2","Network","Wi-Fi","Corporate Network","Systems Administration","Engineering","Site B","Open","12.99","8","No","Yes","No","High","Unknown"
"INC-01174","2025-01-04","09:22","P3","Security","Policy","Endpoint Management","Application Support","Procurement","Site A","In Progress","13.12","24","Yes","Yes","No","Medium","Hardware Failure"
"INC-01175","2025-02-10","16:35","P3","Software","Licensing","Service Desk","Cybersecurity","HR","Head Office","Resolved","15.4","24","Yes","No","No","Medium","Access Control"
"INC-01176","2025-03-19","12:48","P3","Access Management","Password Reset","ERP","Service Desk","Finance","Regional Office","Closed","7.4","24","Yes","Yes","No","Medium","User Error"
"INC-01177","2025-04-25","08:01","P3","Email & Collaboration","Calendar","Business Applications","Infrastructure","IT","Remote","Open","13.51","24","Yes","Yes","No","Medium","Network Issue"
"INC-01178","2025-06-01","15:14","P3","Hardware","Printer","Virtual Infrastructure","Network Team","Project Management","Site B","In Progress","13.64","24","Yes","No","No","Medium","Capacity"
"INC-01179","2025-07-08","11:27","P3","Server & Infrastructure","Backup","Email & Collaboration","Systems Administration","Administration","Site A","Resolved","13","24","Yes","Yes","No","Medium","Configuration"
"INC-01180","2025-08-14","18:40","P3","Network","LAN","Active Directory","Application Support","Operations","Head Office","Closed","14.9","24","Yes","Yes","No","Medium","Application Defect"
"INC-01181","2025-09-20","14:53","P4","Security","Endpoint Protection","Printing","Cybersecurity","Engineering","Regional Office","Open","14.03","48","Yes","No","No","Low","Unknown"
"INC-01182","2025-10-27","10:06","P4","Software","Configuration","File Services","Service Desk","Procurement","Remote","In Progress","14.16","48","Yes","Yes","No","Low","Hardware Failure"
"INC-01183","2025-12-03","17:19","P4","Access Management","MFA","Corporate Network","Infrastructure","HR","Site B","Resolved","17.3","48","Yes","Yes","Yes","Low","Access Control"
"INC-01184","2025-01-09","13:32","P4","Email & Collaboration","Mailbox","Endpoint Management","Network Team","Finance","Site A","Closed","20.3","48","Yes","Yes","No","Low","User Error"
"INC-01185","2025-02-15","09:45","P4","Hardware","Desktop","Service Desk","Systems Administration","IT","Head Office","Open","14.55","48","Yes","Yes","No","Low","Network Issue"
"INC-01186","2025-03-24","16:58","P1","Server & Infrastructure","Virtual Machine","ERP","Application Support","Project Management","Regional Office","In Progress","14.68","4","No","No","No","Critical","Capacity"
"INC-01187","2025-04-30","12:11","P2","Network","VPN","Business Applications","Cybersecurity","Administration","Remote","Resolved","4.1","8","Yes","Yes","No","High","Configuration"
"INC-01188","2025-06-06","08:24","P3","Security","Suspicious Activity","Virtual Infrastructure","Service Desk","Operations","Site B","Closed","10","24","Yes","Yes","No","Medium","Application Defect"
"INC-01189","2025-07-13","15:37","P3","Software","Installation","Email & Collaboration","Infrastructure","Engineering","Site A","Open","15.07","24","Yes","No","No","Medium","Unknown"
"INC-01190","2025-08-19","11:50","P3","Access Management","Permission","Active Directory","Network Team","Procurement","Head Office","In Progress","15.2","24","Yes","Yes","No","Medium","Hardware Failure"
"INC-01191","2025-09-25","18:03","P3","Email & Collaboration","Distribution List","Printing","Systems Administration","HR","Regional Office","Resolved","15.6","24","Yes","No","No","Medium","Access Control"
"INC-01192","2025-11-01","14:16","P3","Hardware","Laptop","File Services","Application Support","Finance","Remote","Closed","7.6","24","Yes","Yes","No","Medium","User Error"
"INC-01193","2025-12-08","10:29","P3","Server & Infrastructure","Storage","Corporate Network","Cybersecurity","IT","Site B","Open","15.59","24","Yes","Yes","No","Medium","Network Issue"
"INC-01194","2025-01-14","17:42","P3","Network","DNS","Endpoint Management","Service Desk","Project Management","Site A","In Progress","15.72","24","Yes","No","No","Medium","Capacity"
"INC-01195","2025-02-20","13:55","P4","Security","Phishing","Service Desk","Infrastructure","Administration","Head Office","Resolved","21.6","48","Yes","Yes","No","Low","Configuration"
"INC-01196","2025-03-29","09:08","P4","Software","Application Error","ERP","Network Team","Operations","Regional Office","Closed","24.7","48","Yes","Yes","No","Low","Application Defect"
"INC-01197","2025-05-05","16:21","P4","Access Management","Account Lockout","Business Applications","Systems Administration","Engineering","Remote","Open","16.11","48","Yes","No","No","Low","Unknown"
"INC-01198","2025-06-11","12:34","P4","Email & Collaboration","Teams","Virtual Infrastructure","Application Support","Procurement","Site B","In Progress","16.24","48","Yes","Yes","No","Low","Hardware Failure"
"INC-01199","2025-07-18","08:47","P4","Hardware","Peripheral","Email & Collaboration","Cybersecurity","HR","Site A","Resolved","17.6","48","Yes","Yes","No","Low","Access Control"
"INC-01200","2025-08-24","15:00","P1","Server & Infrastructure","Server Availability","Active Directory","Service Desk","Finance","Head Office","Closed","4","4","Yes","Yes","Yes","Critical","User Error"
